locality_code,locality_name,upz_name,neighborhood_name,zone_number,cantidad_barrios
usaquen,Usaquén,Paseo De Los Libertadores,Canaima,5,1
usaquen,Usaquén,Paseo De Los Libertadores,La Floresta De La Sabana,5,1
usaquen,Usaquén,Paseo De Los Libertadores,Torca,5,1
usaquen,Usaquén,Verbenal,Alto De Serrezuela,5,1
usaquen,Usaquén,Verbenal,Balcones De Vista Hermosa,5,1
usaquen,Usaquén,Verbenal,Balmoral Norte,5,1
usaquen,Usaquén,Verbenal,Buenavista,5,1
usaquen,Usaquén,Verbenal,Chaparral,5,1
usaquen,Usaquén,Verbenal,El Codito,5,1
usaquen,Usaquén,Verbenal,El Refugio De San Antonio,5,1
usaquen,Usaquén,Verbenal,El Verbenal,5,1
usaquen,Usaquén,Verbenal,Horizontes,5,1
usaquen,Usaquén,Verbenal,La Estrellita,5,1
usaquen,Usaquén,Verbenal,La Frontera,5,1
usaquen,Usaquén,Verbenal,La Llanurita,5,1
usaquen,Usaquén,Verbenal,Los Consuelos,5,1
usaquen,Usaquén,Verbenal,Marantá,5,1
usaquen,Usaquén,Verbenal,Maturín,5,1
usaquen,Usaquén,Verbenal,Medellín,5,1
usaquen,Usaquén,Verbenal,Mirador Del Norte,5,1
usaquen,Usaquén,Verbenal,Nuevo Horizonte,5,1
usaquen,Usaquén,Verbenal,San Antonio Norte,5,2
usaquen,Usaquén,Verbenal,Santa Felisa,5,1
usaquen,Usaquén,Verbenal,Santandersito,5,1
usaquen,Usaquén,Verbenal,Tibabita,5,1
usaquen,Usaquén,Verbenal,Viña Del Mar,5,1
usaquen,Usaquén,La Uribe,Bosque De San Antonio,5,1
usaquen,Usaquén,La Uribe,Conjunto Camino Del Palmar,5,1
usaquen,Usaquén,La Uribe,El Pite,5,1
usaquen,Usaquén,La Uribe,El Redil,5,1
usaquen,Usaquén,La Uribe,La Cita,5,1
usaquen,Usaquén,La Uribe,La Granja Norte,5,1
usaquen,Usaquén,La Uribe,La Uribe,5,1
usaquen,Usaquén,La Uribe,Los Naranjos,5,2
usaquen,Usaquén,La Uribe,San Juan Bosco,5,1
usaquen,Usaquén,La Uribe,Urbanización Los Laureles,5,1
usaquen,Usaquén,San Cristóbal Norte,Ainsuca,5,1
usaquen,Usaquén,San Cristóbal Norte,Altablanca,5,1
usaquen,Usaquén,San Cristóbal Norte,Barrancas,5,1
usaquen,Usaquén,San Cristóbal Norte,California,5,1
usaquen,Usaquén,San Cristóbal Norte,Cerro Norte,5,1
usaquen,Usaquén,San Cristóbal Norte,Danubio,5,1
usaquen,Usaquén,San Cristóbal Norte,Don Bosco,5,1
usaquen,Usaquén,San Cristóbal Norte,La Perla Oriental,5,1
usaquen,Usaquén,San Cristóbal Norte,Las Areneras,5,1
usaquen,Usaquén,San Cristóbal Norte,Milán (Barrancas),5,1
usaquen,Usaquén,San Cristóbal Norte,San Cristóbal Norte,5,1
usaquen,Usaquén,San Cristóbal Norte,Santa Cecilia Norte Parte Alta,5,1
usaquen,Usaquén,San Cristóbal Norte,Santa Cecilia Parte Baja,5,1
usaquen,Usaquén,San Cristóbal Norte,Santa Teresa,5,1
usaquen,Usaquén,San Cristóbal Norte,Soratama,5,1
usaquen,Usaquén,San Cristóbal Norte,Torcoroma,5,2
usaquen,Usaquén,San Cristóbal Norte,Villa Nydia,5,1
usaquen,Usaquén,San Cristóbal Norte,Villa Oliva,5,1
usaquen,Usaquén,Toberín,El Toberín,5,1
usaquen,Usaquén,Toberín,Babilonia,5,1
usaquen,Usaquén,Toberín,Dardanelos,5,1
usaquen,Usaquén,Toberín,Estrella Del Norte,5,1
usaquen,Usaquén,Toberín,Guanoa,5,1
usaquen,Usaquén,Toberín,Jardín Norte,5,1
usaquen,Usaquén,Toberín,La Liberia,5,1
usaquen,Usaquén,Toberín,La Pradera Norte,5,1
usaquen,Usaquén,Toberín,Las Orquídeas,5,2
usaquen,Usaquén,Toberín,Pantanito,5,1
usaquen,Usaquén,Toberín,Santa Mónica,5,3
usaquen,Usaquén,Toberín,Villa Magdala,5,1
usaquen,Usaquén,Toberín,Villas De Aranjuez,5,1
usaquen,Usaquén,Toberín,Villas Del Mediterráneo,5,1
usaquen,Usaquén,Toberín,Zaragoza,5,1
usaquen,Usaquén,Los Cedros,Acacias,5,2
usaquen,Usaquén,Los Cedros,Antigua,5,1
usaquen,Usaquén,Los Cedros,Belmira,5,1
usaquen,Usaquén,Los Cedros,Bosque De Pinos,5,1
usaquen,Usaquén,Los Cedros,Caobos Salazar,5,1
usaquen,Usaquén,Los Cedros,Capri,5,1
usaquen,Usaquén,Los Cedros,Cedritos,5,1
usaquen,Usaquén,Los Cedros,Cedro Bolívar,5,1
usaquen,Usaquén,Los Cedros,Cedro Golf,5,1
usaquen,Usaquén,Los Cedros,Cedro Madeira,5,1
usaquen,Usaquén,Los Cedros,Cedro Narváez,5,1
usaquen,Usaquén,Los Cedros,Cedro Salazar,5,1
usaquen,Usaquén,Los Cedros,El Contador,5,1
usaquen,Usaquén,Los Cedros,El Rincón De Los Cedros,5,1
usaquen,Usaquén,Los Cedros,La Sonora,5,1
usaquen,Usaquén,Los Cedros,Las Margaritas,5,2
usaquen,Usaquén,Los Cedros,Lisboa,5,2
usaquen,Usaquén,Los Cedros,Los Cedros,5,1
usaquen,Usaquén,Los Cedros,Los Cedros Oriental,5,1
usaquen,Usaquén,Los Cedros,Montearroyo,5,1
usaquen,Usaquén,Los Cedros,Nueva Autopista,5,1
usaquen,Usaquén,Los Cedros,Nuevo Country,5,1
usaquen,Usaquén,Los Cedros,Sierras Del Moral,5,1
usaquen,Usaquén,Usaquén,Bella Suiza,5,1
usaquen,Usaquén,Usaquén,Bellavista,5,4
usaquen,Usaquén,Usaquén,Bosque Medina,5,1
usaquen,Usaquén,Usaquén,El Pañuelito,5,1
usaquen,Usaquén,Usaquén,El Pedregal,5,3
usaquen,Usaquén,Usaquén,Escuela De Caballería,5,1
usaquen,Usaquén,Usaquén,Escuela De Infantería,5,1
usaquen,Usaquén,Usaquén,Francisco Miranda,5,1
usaquen,Usaquén,Usaquén,Ginebra,5,1
usaquen,Usaquén,Usaquén,La Esperanza,5,8
usaquen,Usaquén,Usaquén,La Glorieta,5,1
usaquen,Usaquén,Usaquén,Las Delicias Del Carmen,5,1
usaquen,Usaquén,Usaquén,Sagrado Corazón,5,3
usaquen,Usaquén,Usaquén,San Gabriel,5,2
usaquen,Usaquén,Usaquén,Santa Ana,5,2
usaquen,Usaquén,Usaquén,Santa Ana Occidental,5,1
usaquen,Usaquén,Usaquén,Santa Bárbara,5,3
usaquen,Usaquén,Usaquén,Santa Bárbara Alta,5,1
usaquen,Usaquén,Usaquén,Santa Bárbara Oriental,5,1
usaquen,Usaquén,Usaquén,Unicerros,5,1
usaquen,Usaquén,Usaquén,Usaquén,5,1
usaquen,Usaquén,Country Club,Country Club,5,1
usaquen,Usaquén,Country Club,La Calleja,5,1
usaquen,Usaquén,Country Club,La Carolina,5,1
usaquen,Usaquén,Country Club,La Cristalina,5,1
usaquen,Usaquén,Country Club,Prados Del Country,5,1
usaquen,Usaquén,Country Club,Recodo Del Country,5,1
usaquen,Usaquén,Country Club,Santa Coloma,5,1
usaquen,Usaquén,Country Club,Soatama,5,1
usaquen,Usaquén,Country Club,Toledo,5,1
usaquen,Usaquén,Country Club,Torres Del Country,5,1
usaquen,Usaquén,Country Club,Vergel Del Country,5,1
usaquen,Usaquén,Santa Bárbara,Santa Bárbara Central,5,1
usaquen,Usaquén,Santa Bárbara,Campo Alegre,5,1
usaquen,Usaquén,Santa Bárbara,Molinos Del Norte,5,1
usaquen,Usaquén,Santa Bárbara,Multicentro,5,1
usaquen,Usaquén,Santa Bárbara,Navarra,5,1
usaquen,Usaquén,Santa Bárbara,Rincón Del Chicó,5,1
usaquen,Usaquén,Santa Bárbara,San Patricio,5,1
usaquen,Usaquén,Santa Bárbara,Santa Bárbara Occidental,5,1
usaquen,Usaquén,Santa Bárbara,Santa Bibiana,5,1
usaquen,Usaquén,Santa Bárbara,Santa Paula,5,1
chapinero,Chapinero,El Refugio,Chicó Reservado,4,1
chapinero,Chapinero,El Refugio,Bellavista,4,4
chapinero,Chapinero,El Refugio,Chicó Alto,4,1
chapinero,Chapinero,El Refugio,El Nogal,4,1
chapinero,Chapinero,El Refugio,El Refugio,4,4
chapinero,Chapinero,El Refugio,La Cabrera,4,1
chapinero,Chapinero,El Refugio,Los Rosales,4,1
chapinero,Chapinero,El Refugio,Seminario,4,1
chapinero,Chapinero,El Refugio,Toscana,4,2
chapinero,Chapinero,San Isidro Patios,La Esperanza Nororiental,4,1
chapinero,Chapinero,San Isidro Patios,La Sureña,4,1
chapinero,Chapinero,San Isidro Patios,San Isidro,4,3
chapinero,Chapinero,San Isidro Patios,San Luis Altos Del Cabo,4,1
chapinero,Chapinero,Pardo Rubio,Bosque Calderón,4,1
chapinero,Chapinero,Pardo Rubio,Bosque Calderón Tejada,4,1
chapinero,Chapinero,Pardo Rubio,Chapinero Alto,4,1
chapinero,Chapinero,Pardo Rubio,El Castillo,4,3
chapinero,Chapinero,Pardo Rubio,El Paraíso,4,6
chapinero,Chapinero,Pardo Rubio,Emaus,4,1
chapinero,Chapinero,Pardo Rubio,Granada,4,1
chapinero,Chapinero,Pardo Rubio,Ingemar,4,1
chapinero,Chapinero,Pardo Rubio,Juan Xxiii,4,2
chapinero,Chapinero,Pardo Rubio,La Salle,4,1
chapinero,Chapinero,Pardo Rubio,Las Acacias,4,4
chapinero,Chapinero,Pardo Rubio,Los Olivos,4,1
chapinero,Chapinero,Pardo Rubio,María Cristina,4,1
chapinero,Chapinero,Pardo Rubio,Mariscal Sucre,4,1
chapinero,Chapinero,Pardo Rubio,Nueva Granada,4,3
chapinero,Chapinero,Pardo Rubio,Palomar,4,1
chapinero,Chapinero,Pardo Rubio,Pardo Rubio,4,1
chapinero,Chapinero,Pardo Rubio,San Martín De Porres,4,2
chapinero,Chapinero,Pardo Rubio,Villa Anita,4,2
chapinero,Chapinero,Pardo Rubio,Villa Del Cerro,4,1
chapinero,Chapinero,Chicó Lago,Antiguo Country,4,1
chapinero,Chapinero,Chicó Lago,Chicó Norte,4,1
chapinero,Chapinero,Chicó Lago,Chicó Norte Ii,4,1
chapinero,Chapinero,Chicó Lago,Chicó Norte Iii,4,1
chapinero,Chapinero,Chicó Lago,Chicó Occidental,4,1
chapinero,Chapinero,Chicó Lago,El Chicó,4,1
chapinero,Chapinero,Chicó Lago,El Retiro,4,1
chapinero,Chapinero,Chicó Lago,Espartillal,4,1
chapinero,Chapinero,Chicó Lago,Lago Gaitán,4,1
chapinero,Chapinero,Chicó Lago,Porciúncula,4,1
chapinero,Chapinero,Chicó Lago,Quinta Camacho,4,1
chapinero,Chapinero,Chapinero,Cataluña,4,2
chapinero,Chapinero,Chapinero,Chapinero Central,4,1
chapinero,Chapinero,Chapinero,Chapinero Norte,4,1
chapinero,Chapinero,Chapinero,Marly,4,1
chapinero,Chapinero,Chapinero,Sucre,4,1
santa_fe,Santa Fe,Sagrado Corazón,La Merced,7,1
santa_fe,Santa Fe,Sagrado Corazón,Parque Central Bavaria,7,1
santa_fe,Santa Fe,Sagrado Corazón,Sagrado Corazón,7,3
santa_fe,Santa Fe,Sagrado Corazón,San Diego,7,1
santa_fe,Santa Fe,Sagrado Corazón,San Martín,7,3
santa_fe,Santa Fe,Sagrado Corazón,Torres Del Parque,7,1
santa_fe,Santa Fe,La Macarena,Bosque Izquierdo,7,1
santa_fe,Santa Fe,La Macarena,Germanía,7,1
santa_fe,Santa Fe,La Macarena,La Macarena,7,1
santa_fe,Santa Fe,La Macarena,La Paz Centro,7,1
santa_fe,Santa Fe,La Macarena,La Perseverancia,7,1
santa_fe,Santa Fe,Las Nieves,La Alameda,7,3
santa_fe,Santa Fe,Las Nieves,La Capuchina,7,1
santa_fe,Santa Fe,Las Nieves,La Veracruz,7,1
santa_fe,Santa Fe,Las Nieves,Las Nieves,7,1
santa_fe,Santa Fe,Las Nieves,Santa Inés,7,3
santa_fe,Santa Fe,Las Cruces,Las Cruces,7,1
santa_fe,Santa Fe,Las Cruces,San Bernardo,7,1
santa_fe,Santa Fe,Lourdes,Atanasio Girardot,7,1
santa_fe,Santa Fe,Lourdes,Cartagena,7,1
santa_fe,Santa Fe,Lourdes,Egipto,7,1
santa_fe,Santa Fe,Lourdes,Egipto Alto (J.C. Turbay),7,1
santa_fe,Santa Fe,Lourdes,El Balcón,7,1
santa_fe,Santa Fe,Lourdes,El Consuelo,7,3
santa_fe,Santa Fe,Lourdes,El Dorado,7,2
santa_fe,Santa Fe,Lourdes,El Guavio,7,1
santa_fe,Santa Fe,Lourdes,El Mirador,7,3
santa_fe,Santa Fe,Lourdes,El Rocío,7,1
santa_fe,Santa Fe,Lourdes,El Triunfo,7,5
santa_fe,Santa Fe,Lourdes,Fábrica De Loza,7,1
santa_fe,Santa Fe,Lourdes,Gran Colombia,7,1
santa_fe,Santa Fe,Lourdes,La Peña,7,1
santa_fe,Santa Fe,Lourdes,Los Laches,7,1
santa_fe,Santa Fe,Lourdes,Lourdes,7,1
santa_fe,Santa Fe,Lourdes,Ramírez,7,1
santa_fe,Santa Fe,Lourdes,San Dionisio,7,1
santa_fe,Santa Fe,Lourdes,Santa Rosa De Lima,7,1
santa_fe,Santa Fe,Lourdes,Vitelma,7,2
san_cristobal,San Cristóbal,San Blas,Aguas Claras,1,1
san_cristobal,San Cristóbal,San Blas,Altos Del Zipa,1,1
san_cristobal,San Cristóbal,San Blas,Amapolas,1,1
san_cristobal,San Cristóbal,San Blas,Amapolas Ii,1,1
san_cristobal,San Cristóbal,San Blas,Balcón De La Castaña,1,1
san_cristobal,San Cristóbal,San Blas,Bellavista Parte Baja,1,1
san_cristobal,San Cristóbal,San Blas,Bellavista Sur,1,1
san_cristobal,San Cristóbal,San Blas,Bosque De Los Alpes,1,1
san_cristobal,San Cristóbal,San Blas,Buenavista Suroriental,1,1
san_cristobal,San Cristóbal,San Blas,Camino Viejo San Cristóbal,1,1
san_cristobal,San Cristóbal,San Blas,Cerros De San Vicente,1,1
san_cristobal,San Cristóbal,San Blas,Ciudad De Londres,1,1
san_cristobal,San Cristóbal,San Blas,Corinto,1,1
san_cristobal,San Cristóbal,San Blas,El Balcón De La Castaña,1,1
san_cristobal,San Cristóbal,San Blas,El Futuro,1,1
san_cristobal,San Cristóbal,San Blas,El Ramajal,1,1
san_cristobal,San Cristóbal,San Blas,El Ramajal (San Pedro),1,1
san_cristobal,San Cristóbal,San Blas,Gran Colombia (Molinos De Oriente),1,1
san_cristobal,San Cristóbal,San Blas,Horacio Orjuela,1,1
san_cristobal,San Cristóbal,San Blas,La Castaña,1,1
san_cristobal,San Cristóbal,San Blas,La Cecilia,1,1
san_cristobal,San Cristóbal,San Blas,La Gran Colombia,1,1
san_cristobal,San Cristóbal,San Blas,La Herradura,1,1
san_cristobal,San Cristóbal,San Blas,La Joyita Centro (Bello Horizonte),1,1
san_cristobal,San Cristóbal,San Blas,La Playa,1,3
san_cristobal,San Cristóbal,San Blas,La Roca,1,1
san_cristobal,San Cristóbal,San Blas,La Sagrada Familia,1,1
san_cristobal,San Cristóbal,San Blas,Las Acacias,1,4
san_cristobal,San Cristóbal,San Blas,Las Mercedes,1,2
san_cristobal,San Cristóbal,San Blas,Los Alpes,1,2
san_cristobal,San Cristóbal,San Blas,Los Alpes Futuro,1,1
san_cristobal,San Cristóbal,San Blas,Manantial,1,1
san_cristobal,San Cristóbal,San Blas,Manila,1,1
san_cristobal,San Cristóbal,San Blas,Miraflores,1,2
san_cristobal,San Cristóbal,San Blas,Molinos De Oriente,1,1
san_cristobal,San Cristóbal,San Blas,Montecarlo,1,1
san_cristobal,San Cristóbal,San Blas,Nueva España,1,1
san_cristobal,San Cristóbal,San Blas,Nueva España Parte Alta,1,1
san_cristobal,San Cristóbal,San Blas,Ramajal,1,1
san_cristobal,San Cristóbal,San Blas,Rincón De La Victoria,1,1
san_cristobal,San Cristóbal,San Blas,Sagrada Familia,1,1
san_cristobal,San Cristóbal,San Blas,San Blas,1,1
san_cristobal,San Cristóbal,San Blas,San Blas Ii Sector,1,1
san_cristobal,San Cristóbal,San Blas,San Cristóbal Alto,1,1
san_cristobal,San Cristóbal,San Blas,San Cristóbal Viejo,1,1
san_cristobal,San Cristóbal,San Blas,San Pedro,1,2
san_cristobal,San Cristóbal,San Blas,San Vicente,1,2
san_cristobal,San Cristóbal,San Blas,San Vicente Alto,1,1
san_cristobal,San Cristóbal,San Blas,San Vicente Bajo,1,1
san_cristobal,San Cristóbal,San Blas,Santa Inés,1,3
san_cristobal,San Cristóbal,San Blas,Santa Inés Sur,1,1
san_cristobal,San Cristóbal,San Blas,Terrazas De Oriente,1,1
san_cristobal,San Cristóbal,San Blas,Triángulo,1,1
san_cristobal,San Cristóbal,San Blas,Triángulo Alto,1,1
san_cristobal,San Cristóbal,San Blas,Triángulo Bajo,1,1
san_cristobal,San Cristóbal,San Blas,Vitelma,1,2
san_cristobal,San Cristóbal,Sosiego,Golconda,1,1
san_cristobal,San Cristóbal,Sosiego,Primero De Mayo,1,1
san_cristobal,San Cristóbal,Sosiego,Buenos Aires,1,3
san_cristobal,San Cristóbal,Sosiego,Calvo Sur,1,1
san_cristobal,San Cristóbal,Sosiego,Camino Viejo De San Cristóbal,1,1
san_cristobal,San Cristóbal,Sosiego,La María,1,4
san_cristobal,San Cristóbal,Sosiego,Las Brisas,1,5
san_cristobal,San Cristóbal,Sosiego,Los Dos Leones,1,1
san_cristobal,San Cristóbal,Sosiego,Modelo Sur,1,1
san_cristobal,San Cristóbal,Sosiego,Nariño Sur,1,1
san_cristobal,San Cristóbal,Sosiego,Quinta Ramos,1,1
san_cristobal,San Cristóbal,Sosiego,República De Venezuela,1,2
san_cristobal,San Cristóbal,Sosiego,San Cristóbal Sur,1,1
san_cristobal,San Cristóbal,Sosiego,San Javier,1,2
san_cristobal,San Cristóbal,Sosiego,Santa Ana,1,2
san_cristobal,San Cristóbal,Sosiego,Santa Ana Sur,1,1
san_cristobal,San Cristóbal,Sosiego,Sosiego,1,1
san_cristobal,San Cristóbal,Sosiego,Velódromo,1,1
san_cristobal,San Cristóbal,Sosiego,Villa Albania,1,1
san_cristobal,San Cristóbal,Sosiego,Villa Javier,1,1
san_cristobal,San Cristóbal,20 De Julio,Atenas,1,2
san_cristobal,San Cristóbal,20 De Julio,20 De Julio,1,1
san_cristobal,San Cristóbal,20 De Julio,Atenas I,1,1
san_cristobal,San Cristóbal,20 De Julio,Ayacucho,1,1
san_cristobal,San Cristóbal,20 De Julio,Barcelona,1,2
san_cristobal,San Cristóbal,20 De Julio,Barcelona Sur,1,1
san_cristobal,San Cristóbal,20 De Julio,Bello Horizonte,1,1
san_cristobal,San Cristóbal,20 De Julio,Bello Horizonte Iii Sector,1,1
san_cristobal,San Cristóbal,20 De Julio,Córdoba,1,2
san_cristobal,San Cristóbal,20 De Julio,El Ángulo,1,1
san_cristobal,San Cristóbal,20 De Julio,El Encanto,1,2
san_cristobal,San Cristóbal,20 De Julio,Granada Sur,1,1
san_cristobal,San Cristóbal,20 De Julio,Granada Sur Iii Sector,1,1
san_cristobal,San Cristóbal,20 De Julio,La Joyita,1,1
san_cristobal,San Cristóbal,20 De Julio,La Serafina,1,1
san_cristobal,San Cristóbal,20 De Julio,Las Lomas,1,2
san_cristobal,San Cristóbal,20 De Julio,Managua,1,1
san_cristobal,San Cristóbal,20 De Julio,Montebello,1,1
san_cristobal,San Cristóbal,20 De Julio,San Isidro,1,3
san_cristobal,San Cristóbal,20 De Julio,San Luis,1,5
san_cristobal,San Cristóbal,20 De Julio,Sur América,1,1
san_cristobal,San Cristóbal,20 De Julio,Villa De Los Alpes,1,1
san_cristobal,San Cristóbal,20 De Julio,Villa Nataly,1,1
san_cristobal,San Cristóbal,La Gloria,Altamira,1,1
san_cristobal,San Cristóbal,La Gloria,Altamira Chiquita,1,1
san_cristobal,San Cristóbal,La Gloria,Altos Del Poblado,1,1
san_cristobal,San Cristóbal,La Gloria,Altos Del Virrey,1,1
san_cristobal,San Cristóbal,La Gloria,Altos Del Zuque,1,1
san_cristobal,San Cristóbal,La Gloria,Bellavista Parte Alta,1,1
san_cristobal,San Cristóbal,La Gloria,Bellavista Sur Oriental,1,1
san_cristobal,San Cristóbal,La Gloria,Ciudadela Santa Rosa,1,1
san_cristobal,San Cristóbal,La Gloria,El Quindío,1,1
san_cristobal,San Cristóbal,La Gloria,El Recodo-República De Canadá,1,1
san_cristobal,San Cristóbal,La Gloria,El Rodeo,1,2
san_cristobal,San Cristóbal,La Gloria,La Colmena,1,1
san_cristobal,San Cristóbal,La Gloria,La Gloria,1,1
san_cristobal,San Cristóbal,La Gloria,La Victoria,1,1
san_cristobal,San Cristóbal,La Gloria,Las Gaviotas,1,1
san_cristobal,San Cristóbal,La Gloria,Las Guacamayas,1,1
san_cristobal,San Cristóbal,La Gloria,Los Puentes,1,2
san_cristobal,San Cristóbal,La Gloria,Malvinas,1,1
san_cristobal,San Cristóbal,La Gloria,San José,1,2
san_cristobal,San Cristóbal,La Gloria,San Martín De Loba,1,1
san_cristobal,San Cristóbal,La Gloria,San Martín Sur,1,1
san_cristobal,San Cristóbal,Los Libertadores,Antioquia,1,1
san_cristobal,San Cristóbal,Los Libertadores,Canadá-San Luis,1,1
san_cristobal,San Cristóbal,Los Libertadores,Chiguaza,1,1
san_cristobal,San Cristóbal,Los Libertadores,El Paraíso,1,6
san_cristobal,San Cristóbal,Los Libertadores,El Triunfo,1,5
san_cristobal,San Cristóbal,Los Libertadores,Juan Rey (La Paz),1,1
san_cristobal,San Cristóbal,Los Libertadores,La Belleza,1,1
san_cristobal,San Cristóbal,Los Libertadores,La Nueva Gloria,1,1
san_cristobal,San Cristóbal,Los Libertadores,La Sierra,1,1
san_cristobal,San Cristóbal,Los Libertadores,Los Libertadores,1,1
san_cristobal,San Cristóbal,Los Libertadores,Los Pinos,1,1
san_cristobal,San Cristóbal,Los Libertadores,Nueva Delly,1,1
san_cristobal,San Cristóbal,Los Libertadores,Nueva Roma,1,1
san_cristobal,San Cristóbal,Los Libertadores,República Del Canadá,1,2
san_cristobal,San Cristóbal,Los Libertadores,San Jacinto,1,1
san_cristobal,San Cristóbal,Los Libertadores,San Manuel,1,1
san_cristobal,San Cristóbal,Los Libertadores,San Rafael Sur Oriental,1,1
san_cristobal,San Cristóbal,Los Libertadores,Valparaíso,1,1
san_cristobal,San Cristóbal,Los Libertadores,Villa Angélica,1,1
san_cristobal,San Cristóbal,Los Libertadores,Yomasa,1,1
usme,Usme,La Flora,Buenos Aires,1,3
usme,Usme,La Flora,Costa Rica,1,2
usme,Usme,La Flora,El Bosque Km 11,1,1
usme,Usme,La Flora,Juan José Rondón,1,2
usme,Usme,La Flora,La Cabaña,1,5
usme,Usme,La Flora,La Esperanza,1,8
usme,Usme,La Flora,Los Arrayanes,1,2
usme,Usme,La Flora,Los Soches,1,1
usme,Usme,La Flora,Tihuaque,1,1
usme,Usme,La Flora,Villa Diana,1,1
usme,Usme,La Flora,Villa Rosita,1,1
usme,Usme,Danubio,Alaska,1,2
usme,Usme,Danubio,Arrayanes,1,2
usme,Usme,Danubio,Danubio Azul,1,1
usme,Usme,Danubio,Duitama,1,1
usme,Usme,Danubio,El Porvenir,1,1
usme,Usme,Danubio,Nueva Esperanza,1,2
usme,Usme,Danubio,San Martín,1,3
usme,Usme,Gran Yomasa,Almirante Padilla,1,1
usme,Usme,Gran Yomasa,Altos Del Pino,1,1
usme,Usme,Gran Yomasa,Arizona,1,1
usme,Usme,Gran Yomasa,Benjamín Uribe,1,1
usme,Usme,Gran Yomasa,Betania,1,4
usme,Usme,Gran Yomasa,Bulevar Del Sur,1,1
usme,Usme,Gran Yomasa,Casaloma,1,2
usme,Usme,Gran Yomasa,Compostela I,1,1
usme,Usme,Gran Yomasa,Compostela Ii,1,1
usme,Usme,Gran Yomasa,Compostela Iii,1,1
usme,Usme,Gran Yomasa,El Bosque,1,2
usme,Usme,Gran Yomasa,El Cortijo,1,2
usme,Usme,Gran Yomasa,El Curubo,1,1
usme,Usme,Gran Yomasa,El Jordán,1,3
usme,Usme,Gran Yomasa,El Nevado,1,1
usme,Usme,Gran Yomasa,El Pedregal,1,3
usme,Usme,Gran Yomasa,El Recuerdo Sur,1,1
usme,Usme,Gran Yomasa,El Refugio,1,4
usme,Usme,Gran Yomasa,El Rosal-Mirador,1,1
usme,Usme,Gran Yomasa,Gran Yomasa I,1,1
usme,Usme,Gran Yomasa,Gran Yomasa Ii Sector,1,1
usme,Usme,Gran Yomasa,La Andrea,1,1
usme,Usme,Gran Yomasa,La Aurora,1,4
usme,Usme,Gran Yomasa,La Fortaleza,1,1
usme,Usme,Gran Yomasa,Las Viviendas,1,1
usme,Usme,Gran Yomasa,Nuevo San Andrés De Los Altos,1,1
usme,Usme,Gran Yomasa,Olivares,1,1
usme,Usme,Gran Yomasa,San Andrés Alto,1,1
usme,Usme,Gran Yomasa,San Felipe,1,3
usme,Usme,Gran Yomasa,San Isidro Sur,1,1
usme,Usme,Gran Yomasa,San Juan Bautista,1,1
usme,Usme,Gran Yomasa,Santa Librada,1,1
usme,Usme,Gran Yomasa,Sierra Morena,1,2
usme,Usme,Comuneros,Antonio José De Sucre,1,1
usme,Usme,Comuneros,Bellavista Alta,1,1
usme,Usme,Comuneros,Bosque El Limonar,1,1
usme,Usme,Comuneros,Brazuelos,1,1
usme,Usme,Comuneros,Chapinerito,1,1
usme,Usme,Comuneros,Comuneros,1,1
usme,Usme,Comuneros,El Brillante,1,1
usme,Usme,Comuneros,El Espino,1,1
usme,Usme,Comuneros,El Tuno,1,1
usme,Usme,Comuneros,El Uval,1,1
usme,Usme,Comuneros,El Virrey,1,1
usme,Usme,Comuneros,La Esperanza Km 10,1,1
usme,Usme,Comuneros,Las Brisas,1,5
usme,Usme,Comuneros,Las Flores,1,3
usme,Usme,Comuneros,Marichuela Iii Sector,1,1
usme,Usme,Comuneros,Monteblanco,1,1
usme,Usme,Comuneros,Montevideo,1,2
usme,Usme,Comuneros,San Joaquín El Uval,1,1
usme,Usme,Comuneros,Tenerife,1,1
usme,Usme,Comuneros,Urb. Chuniza I,1,1
usme,Usme,Comuneros,Usminia,1,1
usme,Usme,Comuneros,Villa Alemania,1,1
usme,Usme,Comuneros,Villa Israel,1,1
usme,Usme,Alfonso López,Brisas Del Llano,1,1
usme,Usme,Alfonso López,El Nuevo Portal,1,1
usme,Usme,Alfonso López,El Paraíso,1,6
usme,Usme,Alfonso López,El Portal Del Divino,1,1
usme,Usme,Alfonso López,El Progreso Usme,1,1
usme,Usme,Alfonso López,El Triángulo,1,3
usme,Usme,Alfonso López,El Uval Ii Sector,1,1
usme,Usme,Alfonso López,La Huerta,1,1
usme,Usme,Alfonso López,La Orquídea Usme,1,1
usme,Usme,Alfonso López,La Reforma,1,1
usme,Usme,Alfonso López,Portal De Oriente,1,1
usme,Usme,Alfonso López,Puerta Al Llano,1,1
usme,Usme,Parque Entrenubes,Bolonia,1,1
usme,Usme,Parque Entrenubes,El Bosque Central,1,1
usme,Usme,Parque Entrenubes,La Esperanza Sur,1,1
usme,Usme,Parque Entrenubes,Tocaimita Oriental,1,1
usme,Usme,Ciudad De Usme,Ciudadela El Oasis,1,1
usme,Usme,Ciudad De Usme,Centro Usme,1,1
usme,Usme,Ciudad De Usme,El Oasis,1,1
usme,Usme,Ciudad De Usme,El Salteador,1,1
usme,Usme,Ciudad De Usme,La María,1,4
usme,Usme,Ciudad De Usme,Porvenir,1,1
tunjuelito,Tunjuelito,Venecia,Condado De Santa Lucía,2,1
tunjuelito,Tunjuelito,Venecia,El Carmen,7,2
tunjuelito,Tunjuelito,Venecia,Fátima,2,1
tunjuelito,Tunjuelito,Venecia,Isla Del Sol,2,1
tunjuelito,Tunjuelito,Venecia,Laguneta,2,1
tunjuelito,Tunjuelito,Venecia,Nuevo Muzú,2,1
tunjuelito,Tunjuelito,Venecia,Ontario,2,1
tunjuelito,Tunjuelito,Venecia,Parque Metropolitano El Tunal,2,1
tunjuelito,Tunjuelito,Venecia,Rincón De Muzú,2,1
tunjuelito,Tunjuelito,Venecia,Rincón De Nuevo Muzú,2,1
tunjuelito,Tunjuelito,Venecia,Rincón De Venecia,2,1
tunjuelito,Tunjuelito,Venecia,Samore,6,1
tunjuelito,Tunjuelito,Venecia,San Vicente,2,2
tunjuelito,Tunjuelito,Venecia,Santa Lucia,2,2
tunjuelito,Tunjuelito,Venecia,Tejar De Ontario,2,1
tunjuelito,Tunjuelito,Venecia,Ciudad Tunal,2,1
tunjuelito,Tunjuelito,Venecia,Venecia,2,1
tunjuelito,Tunjuelito,Venecia,Venecia Occidental,2,1
tunjuelito,Tunjuelito,Venecia,Villa Ximena,2,1
tunjuelito,Tunjuelito,Tunjuelito,Abraham Lincoln,2,1
tunjuelito,Tunjuelito,Tunjuelito,San Benito,2,1
tunjuelito,Tunjuelito,Tunjuelito,San Carlos,1,2
tunjuelito,Tunjuelito,Tunjuelito,San Vicente Ferrer,6,1
tunjuelito,Tunjuelito,Tunjuelito,Tunal Oriental,1,1
tunjuelito,Tunjuelito,Tunjuelito,Tunalito,2,1
tunjuelito,Tunjuelito,Tunjuelito,Tunjuelito,1,1
bosa,Bosa,Apogeo,Jardines Del Apogeo,7,1
bosa,Bosa,Apogeo,El Motorista,7,1
bosa,Bosa,Apogeo,Industrial,7,1
bosa,Bosa,Apogeo,La Ilusión,7,1
bosa,Bosa,Apogeo,Nuevo Chile,7,1
bosa,Bosa,Apogeo,Olarte,7,1
bosa,Bosa,Apogeo,Villa Del Río,2,1
bosa,Bosa,Bosa Occidental,Amaruc,7,1
bosa,Bosa,Bosa Occidental,Berlín,7,2
bosa,Bosa,Bosa Occidental,Betania,7,4
bosa,Bosa,Bosa Occidental,Bosa Nova,7,1
bosa,Bosa,Bosa Occidental,Bosalinda,7,1
bosa,Bosa,Bosa Occidental,Brasil,7,1
bosa,Bosa,Bosa Occidental,Brasil Ii Sector,7,1
bosa,Bosa,Bosa Occidental,Brasil Sector Barreto,7,1
bosa,Bosa,Bosa Occidental,Brasilia I Sector,7,1
bosa,Bosa,Bosa Occidental,Brasilia 2° Sector,7,1
bosa,Bosa,Bosa Occidental,Brasilia 3° Sector,7,1
bosa,Bosa,Bosa Occidental,Campo Hermoso,7,2
bosa,Bosa,Bosa Occidental,Casa Nueva,7,1
bosa,Bosa,Bosa Occidental,Ciudadela El Recreo,7,1
bosa,Bosa,Bosa Occidental,Chico Sur,7,1
bosa,Bosa,Bosa Occidental,Danubio Azul I,7,1
bosa,Bosa,Bosa Occidental,El Bosque De Bosa,7,1
bosa,Bosa,Bosa Occidental,El Diamante,7,1
bosa,Bosa,Bosa Occidental,El Jazmin,7,1
bosa,Bosa,Bosa Occidental,El Libertador,7,1
bosa,Bosa,Bosa Occidental,El Paraíso,7,6
bosa,Bosa,Bosa Occidental,El Portal De La Libertad,7,1
bosa,Bosa,Bosa Occidental,Parcela El Porvenir,7,1
bosa,Bosa,Bosa Occidental,El Recuerdo,7,2
bosa,Bosa,Bosa Occidental,El Rincón De Bosa,7,1
bosa,Bosa,Bosa Occidental,El Rodeo,7,2
bosa,Bosa,Bosa Occidental,El Rubi,7,4
bosa,Bosa,Bosa Occidental,El Sauce,7,1
bosa,Bosa,Bosa Occidental,Escocia,7,1
bosa,Bosa,Bosa Occidental,Escocia Ix,7,1
bosa,Bosa,Bosa Occidental,Escocia V,7,1
bosa,Bosa,Bosa Occidental,Holanda,7,1
bosa,Bosa,Bosa Occidental,Jorge Uribe Botero,7,1
bosa,Bosa,Bosa Occidental,La Concepción,7,1
bosa,Bosa,Bosa Occidental,La Dulcinea,7,1
bosa,Bosa,Bosa Occidental,La Esmeralda,7,2
bosa,Bosa,Bosa Occidental,La Esperanza I,7,1
bosa,Bosa,Bosa Occidental,La Estanzuela,7,3
bosa,Bosa,Bosa Occidental,La Florida Iv Sector,7,1
bosa,Bosa,Bosa Occidental,La Fontana De Bosa,7,1
bosa,Bosa,Bosa Occidental,La Independencia,7,1
bosa,Bosa,Bosa Occidental,La Libertad,7,2
bosa,Bosa,Bosa Occidental,La Magnolia Ii,7,1
bosa,Bosa,Bosa Occidental,La María,7,4
bosa,Bosa,Bosa Occidental,La Palma,7,2
bosa,Bosa,Bosa Occidental,La Paz,7,3
bosa,Bosa,Bosa Occidental,La Portada,7,1
bosa,Bosa,Bosa Occidental,La Veguita,7,1
bosa,Bosa,Bosa Occidental,Las Margaritas Iii,7,1
bosa,Bosa,Bosa Occidental,Las Vegas,7,2
bosa,Bosa,Bosa Occidental,Los Héroes,7,1
bosa,Bosa,Bosa Occidental,Los Sauces,7,3
bosa,Bosa,Bosa Occidental,Miami,7,1
bosa,Bosa,Bosa Occidental,New Jersey,7,1
bosa,Bosa,Bosa Occidental,Nueva Escocia,7,1
bosa,Bosa,Bosa Occidental,Nueva Esperanza,7,2
bosa,Bosa,Bosa Occidental,Potreritos,7,2
bosa,Bosa,Bosa Occidental,San Antonio,7,2
bosa,Bosa,Bosa Occidental,San Antonio De Bosa,7,1
bosa,Bosa,Bosa Occidental,San Bernardino,7,1
bosa,Bosa,Bosa Occidental,San Bernardino Ii,7,1
bosa,Bosa,Bosa Occidental,San Bernardino Sector Ii,7,1
bosa,Bosa,Bosa Occidental,San Diego La Paz Iv Sector,7,1
bosa,Bosa,Bosa Occidental,San Fernando Nuestra Señora De La Paz,7,1
bosa,Bosa,Bosa Occidental,San Javier,7,2
bosa,Bosa,Bosa Occidental,San Joaquín,7,2
bosa,Bosa,Bosa Occidental,San Jorge,7,1
bosa,Bosa,Bosa Occidental,San Juanito,7,2
bosa,Bosa,Bosa Occidental,San Luis,7,5
bosa,Bosa,Bosa Occidental,San Martín,7,3
bosa,Bosa,Bosa Occidental,San Pablo I Sector,7,1
bosa,Bosa,Bosa Occidental,San Pedro,7,2
bosa,Bosa,Bosa Occidental,Santa Inés,7,3
bosa,Bosa,Bosa Occidental,Santa Lucía,7,1
bosa,Bosa,Bosa Occidental,Tierra Gratis,7,1
bosa,Bosa,Bosa Occidental,Villa Anay,7,1
bosa,Bosa,Bosa Occidental,Villa Bosa,7,1
bosa,Bosa,Bosa Occidental,Villa Nohora,7,1
bosa,Bosa,Bosa Occidental,Xochimilco,7,1
bosa,Bosa,Bosa Central,Andalucía,7,3
bosa,Bosa,Bosa Central,Antonia Santos,7,1
bosa,Bosa,Bosa Central,Argelia,7,1
bosa,Bosa,Bosa Central,Bosa,7,1
bosa,Bosa,Bosa Central,Bosques De Meryland,7,1
bosa,Bosa,Bosa Central,Brasilia La Estación,7,1
bosa,Bosa,Bosa Central,Carlos Albán Holguín,7,1
bosa,Bosa,Bosa Central,Charles De Gaulle,7,1
bosa,Bosa,Bosa Central,Claretiano,7,1
bosa,Bosa,Bosa Central,El Jardín,7,2
bosa,Bosa,Bosa Central,El Llanito,7,1
bosa,Bosa,Bosa Central,El Llano,7,1
bosa,Bosa,Bosa Central,El Palmar,7,3
bosa,Bosa,Bosa Central,El Portal De Bosa,7,1
bosa,Bosa,Bosa Central,El Progreso,7,3
bosa,Bosa,Bosa Central,El Retazo,7,1
bosa,Bosa,Bosa Central,El Toche,7,1
bosa,Bosa,Bosa Central,Getsemaní,7,1
bosa,Bosa,Bosa Central,Gran Colombiano,7,1
bosa,Bosa,Bosa Central,Grancolombiano I,7,1
bosa,Bosa,Bosa Central,Grancolombiano Ii Sector,7,1
bosa,Bosa,Bosa Central,Gualoche,7,1
bosa,Bosa,Bosa Central,Hermanos Barragán,7,1
bosa,Bosa,Bosa Central,Humberto Valencia,7,1
bosa,Bosa,Bosa Central,Islandia,7,1
bosa,Bosa,Bosa Central,Israelita,7,1
bosa,Bosa,Bosa Central,Jiménez De Quesada,7,1
bosa,Bosa,Bosa Central,José Antonio Galán,7,1
bosa,Bosa,Bosa Central,La Amistad,7,1
bosa,Bosa,Bosa Central,La Aurora,7,4
bosa,Bosa,Bosa Central,La Azucena,7,1
bosa,Bosa,Bosa Central,La Cruz De Terreros,7,1
bosa,Bosa,Bosa Central,La Esperanza De Tibanica,7,1
bosa,Bosa,Bosa Central,La Estación,7,2
bosa,Bosa,Bosa Central,La Palestina I,7,1
bosa,Bosa,Bosa Central,La Primavera,7,2
bosa,Bosa,Bosa Central,La Sultana,7,2
bosa,Bosa,Bosa Central,Las Margaritas,7,2
bosa,Bosa,Bosa Central,Laureles Iii,7,1
bosa,Bosa,Bosa Central,Laureles La Estación,7,1
bosa,Bosa,Bosa Central,Llano Oriental,7,1
bosa,Bosa,Bosa Central,Llanos De Bosa,7,1
bosa,Bosa,Bosa Central,Manzanares,7,1
bosa,Bosa,Bosa Central,Miraflores Ii Sector,7,1
bosa,Bosa,Bosa Central,Naranjos El Retazo,7,1
bosa,Bosa,Bosa Central,Nueva Granada,7,3
bosa,Bosa,Bosa Central,Pablo Vi,7,2
bosa,Bosa,Bosa Central,Palestina,7,2
bosa,Bosa,Bosa Central,Piamonte I Etapa,7,1
bosa,Bosa,Bosa Central,Primavera Sur,7,1
bosa,Bosa,Bosa Central,Providencia,7,1
bosa,Bosa,Bosa Central,San Eugenio,7,1
bosa,Bosa,Bosa Central,San Judas (B.La Estación),7,1
bosa,Bosa,Bosa Central,Santa Bárbara,7,3
bosa,Bosa,Bosa Central,Santa Fe,7,2
bosa,Bosa,Bosa Central,Santa Isabel,7,3
bosa,Bosa,Bosa Central,Villa Alegre,7,1
bosa,Bosa,Bosa Central,Villa Esmeralda,7,1
bosa,Bosa,Bosa Central,Villa Karen,7,1
bosa,Bosa,El Porvenir,Antonio Nariño,7,1
bosa,Bosa,El Porvenir,Cañaveralejo,7,1
bosa,Bosa,El Porvenir,El Anhelo,7,1
bosa,Bosa,El Porvenir,El Corzo,7,1
bosa,Bosa,El Porvenir,El Regalo,7,1
bosa,Bosa,El Porvenir,La Arboleda,7,1
bosa,Bosa,El Porvenir,La Cabaña,7,5
bosa,Bosa,El Porvenir,La Granjita,7,1
bosa,Bosa,El Porvenir,La Suerte,7,1
bosa,Bosa,El Porvenir,La Unión,7,1
bosa,Bosa,El Porvenir,Los Centauros,7,1
bosa,Bosa,El Porvenir,San Miguel,7,2
bosa,Bosa,El Porvenir,San Pablo,7,2
bosa,Bosa,Tintal Sur,El Matorral,7,1
bosa,Bosa,Tintal Sur,El Triunfo,7,5
bosa,Bosa,Tintal Sur,San Bernardino Xix,7,1
kennedy,Kennedy,Américas,Américas Central,3,1
kennedy,Kennedy,Américas,Américas Occidental,3,1
kennedy,Kennedy,Américas,Carvajal Ii Sector,3,1
kennedy,Kennedy,Américas,Castilla,3,1
kennedy,Kennedy,Américas,Centroaméricas,3,1
kennedy,Kennedy,Américas,Ciudad Kennedy,3,1
kennedy,Kennedy,Américas,Floresta Sur,3,1
kennedy,Kennedy,Américas,Fundadores,3,1
kennedy,Kennedy,Américas,Hipotecho,3,1
kennedy,Kennedy,Américas,Hipotecho Occidental,3,1
kennedy,Kennedy,Américas,La Campina,2,1
kennedy,Kennedy,Américas,La Igualdad,3,1
kennedy,Kennedy,Américas,La Llanura,3,1
kennedy,Kennedy,Américas,Las Américas,3,2
kennedy,Kennedy,Américas,Los Sauces,3,3
kennedy,Kennedy,Américas,Mandalay,3,1
kennedy,Kennedy,Américas,Marsella Iii Sector,3,1
kennedy,Kennedy,Américas,Nueva Marsella,3,1
kennedy,Kennedy,Américas,Provivienda Oriental,3,1
kennedy,Kennedy,Américas,Santa Rosa De Carvajal,3,1
kennedy,Kennedy,Américas,Villa Claudia,3,1
kennedy,Kennedy,Carvajal,Alquerías De La Fragua,3,1
kennedy,Kennedy,Carvajal,Bombay,3,1
kennedy,Kennedy,Carvajal,Carimagua I Sector,3,1
kennedy,Kennedy,Carvajal,Carvajal,2,1
kennedy,Kennedy,Carvajal,Carvajal Osorio,3,1
kennedy,Kennedy,Carvajal,Condado El Rey,3,1
kennedy,Kennedy,Carvajal,Las Delicias,2,1
kennedy,Kennedy,Carvajal,El Pencil,3,1
kennedy,Kennedy,Carvajal,El Progreso I Y Ii Sector,3,1
kennedy,Kennedy,Carvajal,El Triángulo,3,3
kennedy,Kennedy,Carvajal,Floralia,2,1
kennedy,Kennedy,Carvajal,Gerona,3,1
kennedy,Kennedy,Carvajal,Guadalupe,3,1
kennedy,Kennedy,Carvajal,La Chucua,3,2
kennedy,Kennedy,Carvajal,Las Torres,3,1
kennedy,Kennedy,Carvajal,Los Cristales,3,1
kennedy,Kennedy,Carvajal,Lucerna,3,1
kennedy,Kennedy,Carvajal,Milenta,3,2
kennedy,Kennedy,Carvajal,Multifamiliar Carimagua,3,1
kennedy,Kennedy,Carvajal,Nueva York,3,1
kennedy,Kennedy,Carvajal,Provivienda Occidental,2,1
kennedy,Kennedy,Carvajal,Salvador Allende,3,1
kennedy,Kennedy,Carvajal,San Andrés,2,1
kennedy,Kennedy,Carvajal,Tayrona Comercial,3,1
kennedy,Kennedy,Carvajal,Urb. Nueva Delicias,3,1
kennedy,Kennedy,Carvajal,Urbanización Carvajal,3,1
kennedy,Kennedy,Carvajal,Urbanización Las Delicias,3,1
kennedy,Kennedy,Carvajal,Villa Nueva,3,1
kennedy,Kennedy,Castilla,Aloha Sector Norte,3,1
kennedy,Kennedy,Castilla,Andalucía,3,3
kennedy,Kennedy,Castilla,Bavaria Techo,3,1
kennedy,Kennedy,Castilla,Bosques De Castilla,3,1
kennedy,Kennedy,Castilla,Ciudad Don Bosco,3,1
kennedy,Kennedy,Castilla,Ciudad Favidi,3,1
kennedy,Kennedy,Castilla,Ciudad Techo,3,1
kennedy,Kennedy,Castilla,El Castillo,3,3
kennedy,Kennedy,Castilla,El Condado De La Paz,3,1
kennedy,Kennedy,Castilla,El Portal De Las Américas,3,1
kennedy,Kennedy,Castilla,El Rincón De Castilla,3,1
kennedy,Kennedy,Castilla,El Rincón De Los Ángeles,3,1
kennedy,Kennedy,Castilla,El Tintal,3,1
kennedy,Kennedy,Castilla,El Vergel,3,2
kennedy,Kennedy,Castilla,Lagos De Castilla,3,1
kennedy,Kennedy,Castilla,Las Dos Avenidas,3,1
kennedy,Kennedy,Castilla,Monterrey,3,2
kennedy,Kennedy,Castilla,Nuestra Señora De La Paz,3,1
kennedy,Kennedy,Castilla,Oviedo,3,1
kennedy,Kennedy,Castilla,San José Occidental,3,1
kennedy,Kennedy,Castilla,San Juan Del Castillo,3,1
kennedy,Kennedy,Castilla,Santa Catalina,3,2
kennedy,Kennedy,Castilla,Santa Cecilia,3,4
kennedy,Kennedy,Castilla,Urbanización Castilla,3,1
kennedy,Kennedy,Castilla,Valladolid,3,1
kennedy,Kennedy,Castilla,Villa Alsacia,3,1
kennedy,Kennedy,Castilla,Villa Castilla,3,1
kennedy,Kennedy,Castilla,Villa Galante,3,1
kennedy,Kennedy,Castilla,Villa Liliana,3,2
kennedy,Kennedy,Castilla,Villa Mariana,3,1
kennedy,Kennedy,Castilla,Visión De Colombia,3,1
kennedy,Kennedy,Kennedy Central,Ciudad Kennedy Central,3,1
kennedy,Kennedy,Kennedy Central,Ciudad Kennedy Norte,3,1
kennedy,Kennedy,Kennedy Central,Ciudad Kennedy Occidental,3,1
kennedy,Kennedy,Kennedy Central,Ciudad Kennedy Oriental,3,1
kennedy,Kennedy,Kennedy Central,Ciudad Kennedy Sur,2,1
kennedy,Kennedy,Kennedy Central,El Descanso,3,1
kennedy,Kennedy,Kennedy Central,Kennedy Norte,3,1
kennedy,Kennedy,Kennedy Central,Miraflores Kennedy,3,1
kennedy,Kennedy,Kennedy Central,Nuevo Kennedy,3,1
kennedy,Kennedy,Kennedy Central,Pastrana,3,1
kennedy,Kennedy,Kennedy Central,Techo,3,1
kennedy,Kennedy,Kennedy Central,Urbanización Arbolete Casablanca,3,1
kennedy,Kennedy,Kennedy Central,Urbanización Banderas,3,1
kennedy,Kennedy,Timiza,Boitá,2,1
kennedy,Kennedy,Timiza,Catalina,7,2
kennedy,Kennedy,Timiza,El Comité,3,1
kennedy,Kennedy,Timiza,El Jordán,3,3
kennedy,Kennedy,Timiza,El Palenque,3,1
kennedy,Kennedy,Timiza,El Rubi,3,4
kennedy,Kennedy,Timiza,Jacqueline,3,1
kennedy,Kennedy,Timiza,Juan Pablo I,3,1
kennedy,Kennedy,Timiza,Lago Timiza,3,1
kennedy,Kennedy,Timiza,Las Luces,3,1
kennedy,Kennedy,Timiza,Morabia Ii,3,1
kennedy,Kennedy,Timiza,Nueva Timiza,3,1
kennedy,Kennedy,Timiza,Onassis,3,1
kennedy,Kennedy,Timiza,Perpetuo Socorro,3,1
kennedy,Kennedy,Timiza,Prados De Kennedy,3,1
kennedy,Kennedy,Timiza,Roma,7,1
kennedy,Kennedy,Timiza,Sagrado Corazón,3,3
kennedy,Kennedy,Timiza,San Martín De Porres,3,2
kennedy,Kennedy,Timiza,Timiza,2,1
kennedy,Kennedy,Timiza,Timiza C,2,1
kennedy,Kennedy,Timiza,Tundama,3,1
kennedy,Kennedy,Timiza,Urbanización El Parque,3,1
kennedy,Kennedy,Timiza,Villa De Los Sauces,3,1
kennedy,Kennedy,Tintal Norte,Santa Paz-Santa Elvira,3,1
kennedy,Kennedy,Tintal Norte,Vereda El Tintal,3,1
kennedy,Kennedy,Calandaima,Calandaima,7,1
kennedy,Kennedy,Calandaima,Osorio,3,1
kennedy,Kennedy,Calandaima,Osorio Iii,6,1
kennedy,Kennedy,Calandaima,Santa Fe Del Tintal,3,1
kennedy,Kennedy,Corabastos,El Amparo,3,1
kennedy,Kennedy,Corabastos,El Olivo,3,1
kennedy,Kennedy,Corabastos,El Portal De Patio Bonito,3,1
kennedy,Kennedy,Corabastos,El Saucedal,3,1
kennedy,Kennedy,Corabastos,La Concordia,3,2
kennedy,Kennedy,Corabastos,La Esperanza,3,8
kennedy,Kennedy,Corabastos,La María,3,4
kennedy,Kennedy,Corabastos,Llano Grande,3,1
kennedy,Kennedy,Corabastos,María Paz,3,1
kennedy,Kennedy,Corabastos,Pinar Del Río,3,1
kennedy,Kennedy,Corabastos,San Carlos,3,2
kennedy,Kennedy,Corabastos,Villa De La Loma,3,1
kennedy,Kennedy,Corabastos,Villa De La Torre,3,1
kennedy,Kennedy,Gran Britalia,Britalita,3,1
kennedy,Kennedy,Gran Britalia,Calarcá,3,1
kennedy,Kennedy,Gran Britalia,Casa Blanca Sur,7,1
kennedy,Kennedy,Gran Britalia,Class,3,1
kennedy,Kennedy,Gran Britalia,El Almenar,3,1
kennedy,Kennedy,Gran Britalia,El Carmelo,3,2
kennedy,Kennedy,Gran Britalia,Gran Britalia,3,1
kennedy,Kennedy,Gran Britalia,Pastranita I Sector,3,1
kennedy,Kennedy,Gran Britalia,Santa María De Kennedy,3,1
kennedy,Kennedy,Gran Britalia,Vegas De Santa Ana,3,1
kennedy,Kennedy,Gran Britalia,Villa Andrea,3,1
kennedy,Kennedy,Gran Britalia,Villa Anita,3,2
kennedy,Kennedy,Gran Britalia,Villas De Kennedy,3,1
kennedy,Kennedy,Patio Bonito,Altamar,3,1
kennedy,Kennedy,Patio Bonito,Avenida Cundinamarca,3,1
kennedy,Kennedy,Patio Bonito,Barranquillita,3,1
kennedy,Kennedy,Patio Bonito,Bellavista,3,4
kennedy,Kennedy,Patio Bonito,Campo Hermoso,3,2
kennedy,Kennedy,Patio Bonito,Ciudad De Cali,3,1
kennedy,Kennedy,Patio Bonito,Ciudad Galán,3,1
kennedy,Kennedy,Patio Bonito,Ciudad Granada,3,1
kennedy,Kennedy,Patio Bonito,Dindalito,7,1
kennedy,Kennedy,Patio Bonito,El Paraíso,3,6
kennedy,Kennedy,Patio Bonito,El Rosario,3,2
kennedy,Kennedy,Patio Bonito,El Triunfo,3,5
kennedy,Kennedy,Patio Bonito,Jazmín Occidental,3,1
kennedy,Kennedy,Patio Bonito,La Rivera,3,1
kennedy,Kennedy,Patio Bonito,Las Acacias,3,4
kennedy,Kennedy,Patio Bonito,Las Brisas,3,5
kennedy,Kennedy,Patio Bonito,Las Palmeras,3,1
kennedy,Kennedy,Patio Bonito,Las Vegas,3,2
kennedy,Kennedy,Patio Bonito,Los Almendros,3,1
kennedy,Kennedy,Patio Bonito,Parques Del Tintal,3,1
kennedy,Kennedy,Patio Bonito,Patio Bonito,7,1
kennedy,Kennedy,Patio Bonito,Patio Bonito I,3,1
kennedy,Kennedy,Patio Bonito,Patio Bonito Ii Sector,3,1
kennedy,Kennedy,Patio Bonito,Puente La Vega,3,1
kennedy,Kennedy,Patio Bonito,San Marino,3,1
kennedy,Kennedy,Patio Bonito,Santa Mónica,3,3
kennedy,Kennedy,Patio Bonito,Sumapaz,3,1
kennedy,Kennedy,Patio Bonito,Tayrona,3,1
kennedy,Kennedy,Patio Bonito,Tintalito,7,1
kennedy,Kennedy,Patio Bonito,Tocarema,3,1
kennedy,Kennedy,Patio Bonito,Urbanización Dindalito,3,1
kennedy,Kennedy,Patio Bonito,Villa Alexandra,3,2
kennedy,Kennedy,Patio Bonito,Villa Andrés,3,1
kennedy,Kennedy,Patio Bonito,Villa Hermosa,3,2
kennedy,Kennedy,Patio Bonito,Villa Mendoza,3,1
kennedy,Kennedy,Bavaria,Aloha,3,1
kennedy,Kennedy,Bavaria,Alsacia,3,1
kennedy,Kennedy,Bavaria,Aticos De Las Américas,3,1
kennedy,Kennedy,Bavaria,Los Pinos De Marsella,3,1
kennedy,Kennedy,Bavaria,Marsella,3,1
kennedy,Kennedy,Bavaria,Urbanización Bavaria,3,1
fontibon,Fontibón,Fontibón,Arabia,4,2
fontibon,Fontibón,Fontibón,Atahualpa,4,1
fontibon,Fontibón,Fontibón,Batavia,4,1
fontibon,Fontibón,Fontibón,Belén Fontibón,4,1
fontibon,Fontibón,Fontibón,Betania,4,4
fontibon,Fontibón,Fontibón,Centenario,4,2
fontibon,Fontibón,Fontibón,Cofradía,4,1
fontibon,Fontibón,Fontibón,El Carmen Fontibon,4,1
fontibon,Fontibón,Fontibón,El Cuco,4,1
fontibon,Fontibón,Fontibón,El Guadual,4,1
fontibon,Fontibón,Fontibón,El Jordán,4,3
fontibon,Fontibón,Fontibón,El Pedregal,4,3
fontibon,Fontibón,Fontibón,El Rubi,4,4
fontibon,Fontibón,Fontibón,El Tapete,4,1
fontibon,Fontibón,Fontibón,El Tintal Central,4,1
fontibon,Fontibón,Fontibón,Ferrocaja,4,1
fontibon,Fontibón,Fontibón,Flandes,4,1
fontibon,Fontibón,Fontibón,Centro Fontibon,4,1
fontibon,Fontibón,Fontibón,La Cabaña,4,5
fontibon,Fontibón,Fontibón,La Giralda,4,1
fontibon,Fontibón,Fontibón,La Laguna,4,1
fontibon,Fontibón,Fontibón,Las Flores,4,3
fontibon,Fontibón,Fontibón,Palestina,4,2
fontibon,Fontibón,Fontibón,Rincón Santo,4,1
fontibon,Fontibón,Fontibón,Salamanca,4,1
fontibon,Fontibón,Fontibón,San Pedro Los Robles,4,1
fontibon,Fontibón,Fontibón,Torcoroma,4,2
fontibon,Fontibón,Fontibón,Valle Verde,4,1
fontibon,Fontibón,Fontibón,Veracruz,4,2
fontibon,Fontibón,Fontibón,Versalles Fontibon,4,1
fontibon,Fontibón,Fontibón,Villa Beatriz,4,1
fontibon,Fontibón,Fontibón,Villa Carmenza,4,1
fontibon,Fontibón,Fontibón,Villemar,4,1
fontibon,Fontibón,Fontibón San Pablo,Ambalema,4,1
fontibon,Fontibón,Fontibón San Pablo,Bohíos,4,1
fontibon,Fontibón,Fontibón San Pablo,El Portal,4,2
fontibon,Fontibón,Fontibón San Pablo,El Refugio,4,4
fontibon,Fontibón,Fontibón San Pablo,El Triángulo,4,3
fontibon,Fontibón,Fontibón San Pablo,Florencia,4,2
fontibon,Fontibón,Fontibón San Pablo,Jericó,4,1
fontibon,Fontibón,Fontibón San Pablo,La Aldea,4,1
fontibon,Fontibón,Fontibón San Pablo,La Estación,4,2
fontibon,Fontibón,Fontibón San Pablo,La Perla,4,1
fontibon,Fontibón,Fontibón San Pablo,La Zelfita,4,1
fontibon,Fontibón,Fontibón San Pablo,Las Brisas,4,5
fontibon,Fontibón,Fontibón San Pablo,Prados De La Alameda,4,1
fontibon,Fontibón,Fontibón San Pablo,Puente Grande,4,1
fontibon,Fontibón,Fontibón San Pablo,San Pablo,4,2
fontibon,Fontibón,Fontibón San Pablo,Selva Dorada,4,1
fontibon,Fontibón,Fontibón San Pablo,Villa Liliana,4,2
fontibon,Fontibón,Zona Franca,Moravia,4,1
fontibon,Fontibón,Zona Franca,Kazandra,4,1
fontibon,Fontibón,Ciudad Salitre Occidente,Carlos Lleras,4,1
fontibon,Fontibón,Ciudad Salitre Occidente,La Esperanza Norte,4,1
fontibon,Fontibón,Ciudad Salitre Occidente,Salitre Nor-Occidental,4,1
fontibon,Fontibón,Ciudad Salitre Occidente,Sausalito,4,1
fontibon,Fontibón,Granjas De Techo,Ciudad Hayuelos,4,1
fontibon,Fontibón,Granjas De Techo,El Franco,4,1
fontibon,Fontibón,Granjas De Techo,Granjas De Techo,4,1
fontibon,Fontibón,Granjas De Techo,Montevideo,4,2
fontibon,Fontibón,Granjas De Techo,Paraíso Bavaria,4,1
fontibon,Fontibón,Modelia,Bosque De Modelia,4,1
fontibon,Fontibón,Modelia,Baleares,4,1
fontibon,Fontibón,Modelia,Capellanía,4,1
fontibon,Fontibón,Modelia,El Rincón De Modelia,4,1
fontibon,Fontibón,Modelia,Fuentes Del Dorado,4,1
fontibon,Fontibón,Modelia,La Esperanza,4,8
fontibon,Fontibón,Modelia,Mallorca,4,1
fontibon,Fontibón,Modelia,Modelia,4,1
fontibon,Fontibón,Modelia,Modelia Occidental,4,1
fontibon,Fontibón,Modelia,Santa Cecilia,4,4
fontibon,Fontibón,Modelia,Tarragona,4,2
fontibon,Fontibón,Capellanía,El Jardín,4,2
fontibon,Fontibón,Capellanía,La Rosita,5,1
fontibon,Fontibón,Capellanía,Puerta De Teja,4,1
fontibon,Fontibón,Capellanía,San José,4,2
fontibon,Fontibón,Aeropuerto El Dorado,El Bogotano,4,1
engativa,Engativá,Las Ferias,Acapulco,5,1
engativa,Engativá,Las Ferias,Bellavista Occidental,5,1
engativa,Engativá,Las Ferias,Bonanza,5,1
engativa,Engativá,Las Ferias,Bosque Popular,4,1
engativa,Engativá,Las Ferias,Cataluña,5,2
engativa,Engativá,Las Ferias,Ciudad De Honda,5,1
engativa,Engativá,Las Ferias,El Dorado San Joaquín,5,1
engativa,Engativá,Las Ferias,El Guali,5,1
engativa,Engativá,Las Ferias,El Laurel,5,1
engativa,Engativá,Las Ferias,El Paseo,5,1
engativa,Engativá,Las Ferias,Estrada,5,1
engativa,Engativá,Las Ferias,La Cabaña,5,5
engativa,Engativá,Las Ferias,La Estradita,5,1
engativa,Engativá,Las Ferias,La Europa,5,1
engativa,Engativá,Las Ferias,La Marcela,5,1
engativa,Engativá,Las Ferias,La Reliquia,5,1
engativa,Engativá,Las Ferias,Las Ferias,5,1
engativa,Engativá,Las Ferias,Metrópolis,5,2
engativa,Engativá,Las Ferias,Palo Blanco,5,1
engativa,Engativá,Las Ferias,San Joaquín,5,2
engativa,Engativá,Las Ferias,Santo Domingo,5,1
engativa,Engativá,Minuto De Dios,Andalucía,5,3
engativa,Engativá,Minuto De Dios,Bochica,5,2
engativa,Engativá,Minuto De Dios,Ciudad Bachué,5,1
engativa,Engativá,Minuto De Dios,La Española,5,1
engativa,Engativá,Minuto De Dios,La Palestina,5,1
engativa,Engativá,Minuto De Dios,La Serena,5,1
engativa,Engativá,Minuto De Dios,Los Cerezos,5,1
engativa,Engativá,Minuto De Dios,Luis Carlos Galán,5,1
engativa,Engativá,Minuto De Dios,Minuto De Dios,5,1
engativa,Engativá,Minuto De Dios,Morisco,5,1
engativa,Engativá,Minuto De Dios,Quirigua,5,1
engativa,Engativá,Boyacá Real,Boyacá,5,1
engativa,Engativá,Boyacá Real,El Carmelo,5,2
engativa,Engativá,Boyacá Real,El Refugio,5,4
engativa,Engativá,Boyacá Real,Florencia,5,2
engativa,Engativá,Boyacá Real,Florida Blanca,5,1
engativa,Engativá,Boyacá Real,La Almería,5,1
engativa,Engativá,Boyacá Real,La Granja,5,1
engativa,Engativá,Boyacá Real,La Soledad Norte,5,1
engativa,Engativá,Boyacá Real,Maratu,5,1
engativa,Engativá,Boyacá Real,Paris,5,1
engativa,Engativá,Boyacá Real,Santa Helenita,5,1
engativa,Engativá,Boyacá Real,Santa María Del Lago,5,1
engativa,Engativá,Boyacá Real,Santa Rosita,5,1
engativa,Engativá,Boyacá Real,Tabora,5,1
engativa,Engativá,Boyacá Real,Veracruz,5,2
engativa,Engativá,Boyacá Real,Zarzamora,5,1
engativa,Engativá,Santa Cecilia,El Encanto,5,2
engativa,Engativá,Santa Cecilia,El Luján,5,1
engativa,Engativá,Santa Cecilia,El Real,5,1
engativa,Engativá,Santa Cecilia,Los Monjes,5,1
engativa,Engativá,Santa Cecilia,Normandía,5,1
engativa,Engativá,Santa Cecilia,Normandía Occidental,4,1
engativa,Engativá,Santa Cecilia,San Ignacio,5,1
engativa,Engativá,Santa Cecilia,San Marcos,5,1
engativa,Engativá,Santa Cecilia,Santa Cecilia,5,4
engativa,Engativá,Santa Cecilia,Villa Luz,5,1
engativa,Engativá,Bolivia,Bochica Ii,5,1
engativa,Engativá,Bolivia,Bolivia,5,1
engativa,Engativá,Bolivia,Ciudadela Colsubsidio,5,1
engativa,Engativá,Bolivia,El Cortijo,5,2
engativa,Engativá,Bolivia,El Dorado,5,2
engativa,Engativá,Garcés Navas,Álamos,5,1
engativa,Engativá,Garcés Navas,Álamos Norte,5,1
engativa,Engativá,Garcés Navas,Bosques De Mariana,5,1
engativa,Engativá,Garcés Navas,El Cedro,5,1
engativa,Engativá,Garcés Navas,Garcés Navas,5,1
engativa,Engativá,Garcés Navas,Los Ángeles,5,1
engativa,Engativá,Garcés Navas,Molinos De Viento,5,1
engativa,Engativá,Garcés Navas,Plazuelas Del Virrey,5,1
engativa,Engativá,Garcés Navas,San Basilio,5,1
engativa,Engativá,Garcés Navas,Santa Mónica,5,3
engativa,Engativá,Garcés Navas,Villa Amalia,5,1
engativa,Engativá,Garcés Navas,Villas De Granada,4,1
engativa,Engativá,Garcés Navas,Villas De Madrigal,5,1
engativa,Engativá,Engativá,Alameda,5,1
engativa,Engativá,Engativá,Danubio Centauros,5,1
engativa,Engativá,Engativá,El Mirador,5,3
engativa,Engativá,Engativá,El Palmar,5,3
engativa,Engativá,Engativá,Engativá Centro,5,1
engativa,Engativá,Engativá,Granjas El Dorado,5,1
engativa,Engativá,Engativá,La Esperanza,5,8
engativa,Engativá,Engativá,La Faena,5,1
engativa,Engativá,Engativá,La Riviera,5,1
engativa,Engativá,Engativá,Las Mercedes,5,2
engativa,Engativá,Engativá,Las Palmas,5,1
engativa,Engativá,Engativá,Los Laureles,5,1
engativa,Engativá,Engativá,Sabana Del Dorado,5,1
engativa,Engativá,Engativá,San Antonio Norte,5,2
engativa,Engativá,Engativá,San José Obrero,5,1
engativa,Engativá,Engativá,Villa Claver,5,1
engativa,Engativá,Engativá,Villa Constanza,5,1
engativa,Engativá,Engativá,Villa El Dorado Norte,5,1
engativa,Engativá,Engativá,Villa Gladys,5,2
engativa,Engativá,Engativá,Villa Sandra,5,1
engativa,Engativá,Engativá,Villa Teresita,5,1
engativa,Engativá,Jardín Botánico,El Salitre Luis María Fernández,5,1
engativa,Engativá,Álamos,Los Álamos,5,1
suba,Suba,La Academia,La Academia,5,1
suba,Suba,Guaymaral,Guaymaral,5,1
suba,Suba,Guaymaral,Conejera,5,1
suba,Suba,San José De Bavaria,Gibraltar,5,1
suba,Suba,San José De Bavaria,Guicani,5,1
suba,Suba,San José De Bavaria,Mirandela,5,1
suba,Suba,San José De Bavaria,Nueva Zelandia,5,1
suba,Suba,San José De Bavaria,Oikos,5,1
suba,Suba,San José De Bavaria,San Felipe,5,3
suba,Suba,San José De Bavaria,San José De Bavaria,5,1
suba,Suba,San José De Bavaria,Santa Catalina,5,2
suba,Suba,San José De Bavaria,Tejares Del Norte,5,1
suba,Suba,San José De Bavaria,Villa Nova,5,1
suba,Suba,San José De Bavaria,Villa Del Prado,5,1
suba,Suba,San José De Bavaria,Villa Lucy,5,1
suba,Suba,Britalia,Britalia,5,1
suba,Suba,Britalia,Calima Norte,5,1
suba,Suba,Britalia,Cantagallo,5,1
suba,Suba,Britalia,El Paraíso De Los 12 Apóstoles,5,1
suba,Suba,Britalia,Granada Norte,5,1
suba,Suba,Britalia,Granjas De Namur,5,1
suba,Suba,Britalia,Los Eliseos,5,1
suba,Suba,Britalia,Portales Del Norte,5,1
suba,Suba,Britalia,Villa Delia,5,1
suba,Suba,Britalia,Vista Bella,5,1
suba,Suba,El Prado,Alcalá,5,2
suba,Suba,El Prado,Atabanza,5,1
suba,Suba,El Prado,Canodromo,5,1
suba,Suba,El Prado,La Sultana,5,2
suba,Suba,El Prado,Libertadores,5,1
suba,Suba,El Prado,Madeira,5,1
suba,Suba,El Prado,Mazurén,5,1
suba,Suba,El Prado,Niza Ix,5,1
suba,Suba,El Prado,Prado Piñón,5,1
suba,Suba,El Prado,Prado Sur,5,1
suba,Suba,El Prado,Prado Veraniego,5,1
suba,Suba,El Prado,Prado Veraniego Norte,5,1
suba,Suba,El Prado,Prado Veraniego Sur,5,1
suba,Suba,El Prado,San José Del Prado,5,1
suba,Suba,El Prado,Santa Helena,5,2
suba,Suba,El Prado,Tarragona,5,2
suba,Suba,El Prado,Tierra Linda,5,2
suba,Suba,El Prado,Villa Morena,5,1
suba,Suba,La Alhambra,Alhambra,5,1
suba,Suba,La Alhambra,Batán,5,1
suba,Suba,La Alhambra,El Recreo De Los Frailes,5,1
suba,Suba,La Alhambra,Estoril,5,1
suba,Suba,La Alhambra,Ilarco,5,1
suba,Suba,La Alhambra,Malibú,5,1
suba,Suba,La Alhambra,Mónaco,5,1
suba,Suba,La Alhambra,Pasadena,5,1
suba,Suba,La Alhambra,Puente Largo,5,1
suba,Suba,Casa Blanca Suba,Atenas,5,2
suba,Suba,Casa Blanca Suba,Calatayud,5,1
suba,Suba,Casa Blanca Suba,Casa Blanca I,5,1
suba,Suba,Casa Blanca Suba,Casa Blanca Ii,5,1
suba,Suba,Casa Blanca Suba,Casa Blanca Suba,5,1
suba,Suba,Casa Blanca Suba,Del Monte,5,1
suba,Suba,Casa Blanca Suba,El Velero,5,1
suba,Suba,Niza,Calatrava,5,1
suba,Suba,Niza,Campaña,5,1
suba,Suba,Niza,Ciudad Jardín Norte,5,1
suba,Suba,Niza,Colinas De Suba,5,1
suba,Suba,Niza,Córdoba,5,2
suba,Suba,Niza,Covadonga,5,1
suba,Suba,Niza,Gratamira,5,1
suba,Suba,Niza,Iberia,5,1
suba,Suba,Niza,Lagos De Córdoba,5,1
suba,Suba,Niza,La Colina Campestre,5,1
suba,Suba,Niza,Las Villas,5,1
suba,Suba,Niza,Lindaraja,5,1
suba,Suba,Niza,Monaco,5,1
suba,Suba,Niza,Niza,5,1
suba,Suba,Niza,Niza Norte,5,1
suba,Suba,Niza,Niza Suba,5,1
suba,Suba,Niza,Prado Jardín,5,1
suba,Suba,Niza,Provenza,5,1
suba,Suba,Niza,Rincón De Iberia,5,1
suba,Suba,Niza,Sotileza,5,1
suba,Suba,La Floresta,Andes Norte,5,1
suba,Suba,La Floresta,Club De Los Lagartos,5,1
suba,Suba,La Floresta,Julio Flórez,5,1
suba,Suba,La Floresta,La Alborada,5,1
suba,Suba,La Floresta,La Floresta Norte,5,1
suba,Suba,La Floresta,Morato,5,1
suba,Suba,La Floresta,Nuevo Monterrey,5,1
suba,Suba,La Floresta,Pontevedra,5,1
suba,Suba,La Floresta,Potosí,5,2
suba,Suba,La Floresta,Santa Rosa,5,1
suba,Suba,Suba,Acacias,5,2
suba,Suba,Suba,Alaska,5,2
suba,Suba,Suba,Alcázar De Suba,5,1
suba,Suba,Suba,Almendros Norte,5,1
suba,Suba,Suba,Alto De La Toma,5,1
suba,Suba,Suba,Bosques De San Jorge,5,1
suba,Suba,Suba,Campanela,5,1
suba,Suba,Suba,El Pinar,5,1
suba,Suba,Suba,El Pino,5,1
suba,Suba,Suba,El Salitre,5,2
suba,Suba,Suba,Java,5,1
suba,Suba,Suba,La Campiña,5,1
suba,Suba,Suba,La Fontana,5,1
suba,Suba,Suba,Las Orquídeas,5,2
suba,Suba,Suba,Miraflores,5,2
suba,Suba,Suba,Monarcas,5,1
suba,Suba,Suba,Navetas,5,1
suba,Suba,Suba,Pinar De Suba,5,1
suba,Suba,Suba,Pinos De Lombardia,5,1
suba,Suba,Suba,Portal De Las Mercedes,5,1
suba,Suba,Suba,Pradera De Suba,5,1
suba,Suba,Suba,Prados De Suba,5,1
suba,Suba,Suba,Prados Del Salitre,5,1
suba,Suba,Suba,Rincón De Santa Inés,5,1
suba,Suba,Suba,San Francisco,5,3
suba,Suba,Suba,Santa Isabel,5,3
suba,Suba,Suba,Suba Centro,5,1
suba,Suba,Suba,Tuna Alta,5,1
suba,Suba,Suba,Tuna Baja,5,1
suba,Suba,Suba,Turingia,5,1
suba,Suba,Suba,Villa Del Campo,5,1
suba,Suba,Suba,Villa Esperanza,5,1
suba,Suba,Suba,Villa Hermosa,5,2
suba,Suba,Suba,Villa Susana,5,1
suba,Suba,El Rincón,Alcaparros,5,1
suba,Suba,El Rincón,Almirante Colón,5,1
suba,Suba,El Rincón,Almonacid,5,1
suba,Suba,El Rincón,Altos De Chozica,5,1
suba,Suba,El Rincón,Altos De La Esperanza,5,1
suba,Suba,El Rincón,Amberes,5,1
suba,Suba,El Rincón,Antonio Granados,5,1
suba,Suba,El Rincón,Arrayanes,5,2
suba,Suba,El Rincón,Aures,5,1
suba,Suba,El Rincón,Bochalema,5,1
suba,Suba,El Rincón,Catalina,5,2
suba,Suba,El Rincón,Ciudad Hunza,5,1
suba,Suba,El Rincón,Costa Azul,5,1
suba,Suba,El Rincón,Costa Rica,5,2
suba,Suba,El Rincón,El Aguinaldo,5,1
suba,Suba,El Rincón,El Arenal,5,1
suba,Suba,El Rincón,El Carmen,5,2
suba,Suba,El Rincón,El Cerezo,5,1
suba,Suba,El Rincón,El Cóndor,5,1
suba,Suba,El Rincón,El Jordán La Esperanza,5,1
suba,Suba,El Rincón,El Naranjal,5,1
suba,Suba,El Rincón,El Palmar,5,3
suba,Suba,El Rincón,El Poa,5,1
suba,Suba,El Rincón,El Pórtico,5,1
suba,Suba,El Rincón,El Progreso,5,3
suba,Suba,El Rincón,El Refugio De Suba,5,1
suba,Suba,El Rincón,El Rincon Norte,5,1
suba,Suba,El Rincón,Ciudadela Cafam,5,1
suba,Suba,El Rincón,El Rubi,5,4
suba,Suba,El Rincón,El Tabor,5,1
suba,Suba,El Rincón,Gloria Lara De Echeverri,5,1
suba,Suba,El Rincón,Guillermo Núñez,5,1
suba,Suba,El Rincón,Japon,5,1
suba,Suba,El Rincón,La Aguadita,5,1
suba,Suba,El Rincón,La Alameda,5,3
suba,Suba,El Rincón,La Aurora,5,4
suba,Suba,El Rincón,La Chucua,5,2
suba,Suba,El Rincón,La Esperanza,5,8
suba,Suba,El Rincón,La Estanzuela,5,3
suba,Suba,El Rincón,La Flor,5,1
suba,Suba,El Rincón,La Flora,5,1
suba,Suba,El Rincón,La Manuelita,5,1
suba,Suba,El Rincón,La Palma,5,2
suba,Suba,El Rincón,La Trinitaria,5,1
suba,Suba,El Rincón,Lago De Suba,5,1
suba,Suba,El Rincón,Las Flores,5,3
suba,Suba,El Rincón,Lombardía,5,1
suba,Suba,El Rincón,Los Arrayanes,5,2
suba,Suba,El Rincón,Los Naranjos,5,2
suba,Suba,El Rincón,Los Nogales,5,1
suba,Suba,El Rincón,Naranjos Altos,5,1
suba,Suba,El Rincón,Nuevo Corinto,5,1
suba,Suba,El Rincón,Palma Aldea,5,1
suba,Suba,El Rincón,Potrerillo,5,1
suba,Suba,El Rincón,Potrerillos De Suba,5,1
suba,Suba,El Rincón,Prados De Santa Bárbara,5,1
suba,Suba,El Rincón,Puerta Del Sol,5,1
suba,Suba,El Rincón,Rincón De Suba,5,1
suba,Suba,El Rincón,Riobamba,5,1
suba,Suba,El Rincón,Rodrigo Lara Bonilla,5,1
suba,Suba,El Rincón,San Cayetano,5,1
suba,Suba,El Rincón,San Isidro Norte,5,1
suba,Suba,El Rincón,San Miguel Tibabuyes,5,1
suba,Suba,El Rincón,Santa Ana De Suba,5,1
suba,Suba,El Rincón,Santa Bárbara Tibabuyes,5,1
suba,Suba,El Rincón,Santa Inés - Santa Helena,5,1
suba,Suba,El Rincón,Villa Alexandra,5,2
suba,Suba,El Rincón,Villa Catalina,5,1
suba,Suba,El Rincón,Villa Elisa,5,1
suba,Suba,El Rincón,Villa Maria,5,1
suba,Suba,El Rincón,Villas Del Rincón,5,1
suba,Suba,Tibabuyes,Berlín,5,2
suba,Suba,Tibabuyes,Bilbao,5,1
suba,Suba,Tibabuyes,Compartir,5,2
suba,Suba,Tibabuyes,La Gaitana,5,1
suba,Suba,Tibabuyes,La Isabela,5,1
suba,Suba,Tibabuyes,Lisboa,5,2
suba,Suba,Tibabuyes,Los Nogales De Tibabuyes,5,1
suba,Suba,Tibabuyes,Miramar,5,1
suba,Suba,Tibabuyes,Nueva Tibabuyes,5,1
suba,Suba,Tibabuyes,San Carlos De Tibabuyes,5,1
suba,Suba,Tibabuyes,San Pedro De Tibabuyes,5,1
suba,Suba,Tibabuyes,Santa Cecilia,5,4
suba,Suba,Tibabuyes,Santa Rita,5,2
suba,Suba,Tibabuyes,Tibabuyes,5,1
suba,Suba,Tibabuyes,Tibabuyes Ii,5,1
suba,Suba,Tibabuyes,Tibabuyes Universal,5,1
suba,Suba,Tibabuyes,Toscana,5,2
suba,Suba,Tibabuyes,Villa Cindy,5,1
suba,Suba,Tibabuyes,Villa De Las Flores,5,1
suba,Suba,Tibabuyes,Villa Gloria,5,2
barrios_unidos,Barrios Unidos,Los Andes,Villa Calazanz,4,1
barrios_unidos,Barrios Unidos,Los Andes,Entrerríos,4,1
barrios_unidos,Barrios Unidos,Los Andes,La Castellana,4,1
barrios_unidos,Barrios Unidos,Los Andes,La Patria,4,1
barrios_unidos,Barrios Unidos,Los Andes,Los Andes,4,1
barrios_unidos,Barrios Unidos,Los Andes,Rionegro,4,1
barrios_unidos,Barrios Unidos,Los Andes,Vizcaya,4,1
barrios_unidos,Barrios Unidos,Doce De Octubre,12 De Octubre,4,1
barrios_unidos,Barrios Unidos,Doce De Octubre,Jorge Eliécer Gaitán,4,1
barrios_unidos,Barrios Unidos,Doce De Octubre,José Joaquín Vargas,4,1
barrios_unidos,Barrios Unidos,Doce De Octubre,La Libertad,4,2
barrios_unidos,Barrios Unidos,Doce De Octubre,Entre Ríos,4,1
barrios_unidos,Barrios Unidos,Doce De Octubre,Rincón Del Salitre,4,1
barrios_unidos,Barrios Unidos,Doce De Octubre,El Labrador,4,1
barrios_unidos,Barrios Unidos,Doce De Octubre,Metrópolis,4,2
barrios_unidos,Barrios Unidos,Doce De Octubre,Popular Modelo,4,1
barrios_unidos,Barrios Unidos,Doce De Octubre,San Fernando,4,1
barrios_unidos,Barrios Unidos,Doce De Octubre,San Fernando Occidental,4,1
barrios_unidos,Barrios Unidos,Doce De Octubre,San Miguel,4,2
barrios_unidos,Barrios Unidos,Doce De Octubre,Simón Bolívar,4,1
barrios_unidos,Barrios Unidos,Los Alcázares,11 De Noviembre,4,1
barrios_unidos,Barrios Unidos,Los Alcázares,Alcázares Norte,4,1
barrios_unidos,Barrios Unidos,Los Alcázares,Baquero,4,1
barrios_unidos,Barrios Unidos,Los Alcázares,Benjamín Herrera,4,1
barrios_unidos,Barrios Unidos,Los Alcázares,Chapinero Noroccidental,4,1
barrios_unidos,Barrios Unidos,Los Alcázares,Colombia,4,1
barrios_unidos,Barrios Unidos,Los Alcázares,Concepción Norte,4,1
barrios_unidos,Barrios Unidos,Los Alcázares,Juan Xxiii,4,2
barrios_unidos,Barrios Unidos,Los Alcázares,La Aurora,4,4
barrios_unidos,Barrios Unidos,Los Alcázares,La Esperanza,4,8
barrios_unidos,Barrios Unidos,Los Alcázares,La Merced Norte,4,1
barrios_unidos,Barrios Unidos,Los Alcázares,La Paz,4,3
barrios_unidos,Barrios Unidos,Los Alcázares,Los Alcázares,4,1
barrios_unidos,Barrios Unidos,Los Alcázares,Muequetá,4,1
barrios_unidos,Barrios Unidos,Los Alcázares,Polo Club,4,1
barrios_unidos,Barrios Unidos,Los Alcázares,Quinta Mutis,4,1
barrios_unidos,Barrios Unidos,Los Alcázares,Rafael Uribe,4,1
barrios_unidos,Barrios Unidos,Los Alcázares,San Felipe,4,3
barrios_unidos,Barrios Unidos,Los Alcázares,Santa Sofía,4,1
barrios_unidos,Barrios Unidos,Los Alcázares,Siete De Agosto,4,1
barrios_unidos,Barrios Unidos,Parque Salitre,El Rosario,4,2
teusaquillo,Teusaquillo,Galerías,Banco Central,4,1
teusaquillo,Teusaquillo,Galerías,Alfonso López,4,1
teusaquillo,Teusaquillo,Galerías,Belalcázar,4,1
teusaquillo,Teusaquillo,Galerías,El Campín,4,1
teusaquillo,Teusaquillo,Galerías,Chapinero Occidental,4,1
teusaquillo,Teusaquillo,Galerías,Galerías,4,1
teusaquillo,Teusaquillo,Galerías,San Luis,4,5
teusaquillo,Teusaquillo,Teusaquillo,Armenia,4,1
teusaquillo,Teusaquillo,Teusaquillo,Estrella,4,1
teusaquillo,Teusaquillo,Teusaquillo,La Magdalena,4,1
teusaquillo,Teusaquillo,Teusaquillo,La Soledad,4,1
teusaquillo,Teusaquillo,Teusaquillo,Las Américas,4,2
teusaquillo,Teusaquillo,Teusaquillo,Palermo,4,1
teusaquillo,Teusaquillo,Teusaquillo,Quesada,4,1
teusaquillo,Teusaquillo,Teusaquillo,Santa Teresita,4,1
teusaquillo,Teusaquillo,Teusaquillo,Teusaquillo,4,1
teusaquillo,Teusaquillo,Parque Simón Bolívar-Can,El Salitre,4,2
teusaquillo,Teusaquillo,La Esmeralda,La Esmeralda,4,2
teusaquillo,Teusaquillo,La Esmeralda,Nicolás De Federman,4,1
teusaquillo,Teusaquillo,La Esmeralda,Nuevo Campín,4,1
teusaquillo,Teusaquillo,La Esmeralda,Pablo Vi,4,2
teusaquillo,Teusaquillo,La Esmeralda,Quirinal,4,1
teusaquillo,Teusaquillo,La Esmeralda,Rafael Núñez,4,1
teusaquillo,Teusaquillo,Quinta Paredes,Acevedo Tejada,4,1
teusaquillo,Teusaquillo,Quinta Paredes,Cama Vieja,4,1
teusaquillo,Teusaquillo,Quinta Paredes,Centro Nariño,4,1
teusaquillo,Teusaquillo,Quinta Paredes,El Recuerdo,4,2
teusaquillo,Teusaquillo,Quinta Paredes,Gran América,4,1
teusaquillo,Teusaquillo,Quinta Paredes,Quinta Paredes,4,1
teusaquillo,Teusaquillo,Ciudad Salitre Oriental,Ciudad Salitre Sur-Oriental,4,1
teusaquillo,Teusaquillo,Ciudad Salitre Oriental,Ciudad Salitre Nor-Oriental,4,1
los_martires,Los Mártires,Santa Isabel,Eduardo Santos,6,1
los_martires,Los Mártires,Santa Isabel,El Progreso,6,3
los_martires,Los Mártires,Santa Isabel,El Vergel,6,2
los_martires,Los Mártires,Santa Isabel,Santa Isabel,6,3
los_martires,Los Mártires,Santa Isabel,Veraguas,3,1
los_martires,Los Mártires,La Sabana,Colseguros,6,1
los_martires,Los Mártires,La Sabana,El Listón,6,1
los_martires,Los Mártires,La Sabana,Florida,6,1
los_martires,Los Mártires,La Sabana,La Estanzuela,6,3
los_martires,Los Mártires,La Sabana,La Favorita,6,1
los_martires,Los Mártires,La Sabana,La Pepita,6,1
los_martires,Los Mártires,La Sabana,La Sabana,6,1
los_martires,Los Mártires,La Sabana,Paloquemao,6,1
los_martires,Los Mártires,La Sabana,Panamericano,6,1
los_martires,Los Mártires,La Sabana,Ricaurte,6,1
los_martires,Los Mártires,La Sabana,Samper Mendoza,6,1
los_martires,Los Mártires,La Sabana,San Fason,6,1
los_martires,Los Mártires,La Sabana,San Victorino,6,1
los_martires,Los Mártires,La Sabana,Santa Fe,4,2
los_martires,Los Mártires,La Sabana,Usatama,6,1
los_martires,Los Mártires,La Sabana,Voto Nacional,6,1
antonio_narino,Antonio Nariño,Ciudad Jardín,Caracas,6,1
antonio_narino,Antonio Nariño,Ciudad Jardín,Ciudad Berna,1,1
antonio_narino,Antonio Nariño,Ciudad Jardín,Ciudad Jardín Sur,1,1
antonio_narino,Antonio Nariño,Ciudad Jardín,La Hortúa,1,1
antonio_narino,Antonio Nariño,Ciudad Jardín,Policarpa,1,1
antonio_narino,Antonio Nariño,Ciudad Jardín,Sevilla,1,1
antonio_narino,Antonio Nariño,Restrepo,Eduardo Frei,1,1
antonio_narino,Antonio Nariño,Restrepo,La Fragua,5,1
antonio_narino,Antonio Nariño,Restrepo,La Fraguita,1,1
antonio_narino,Antonio Nariño,Restrepo,Luna Park,1,1
antonio_narino,Antonio Nariño,Restrepo,Restrepo,6,1
antonio_narino,Antonio Nariño,Restrepo,Restrepo Occidental,1,1
antonio_narino,Antonio Nariño,Restrepo,San Antonio,1,2
antonio_narino,Antonio Nariño,Restrepo,San Jorge Central Ii Sector,1,1
antonio_narino,Antonio Nariño,Restrepo,Santander,1,1
antonio_narino,Antonio Nariño,Restrepo,Santander Sur,1,1
antonio_narino,Antonio Nariño,Restrepo,Sena,1,1
antonio_narino,Antonio Nariño,Restrepo,Villa Mayor Oriental,6,1
puente_aranda,Puente Aranda,Ciudad Montes,La Guaca,2,1
puente_aranda,Puente Aranda,Ciudad Montes,Bochica,1,2
puente_aranda,Puente Aranda,Ciudad Montes,Carabelas,2,1
puente_aranda,Puente Aranda,Ciudad Montes,Ciudad Montes,3,1
puente_aranda,Puente Aranda,Ciudad Montes,El Sol,2,1
puente_aranda,Puente Aranda,Ciudad Montes,Jazmín,2,1
puente_aranda,Puente Aranda,Ciudad Montes,Jorge Gaitán Cortés,2,1
puente_aranda,Puente Aranda,Ciudad Montes,La Asunción,2,1
puente_aranda,Puente Aranda,Ciudad Montes,La Camelia,2,1
puente_aranda,Puente Aranda,Ciudad Montes,Los Comuneros,2,1
puente_aranda,Puente Aranda,Ciudad Montes,Ponderosa,2,1
puente_aranda,Puente Aranda,Ciudad Montes,Primavera,2,1
puente_aranda,Puente Aranda,Ciudad Montes,Remanso,2,1
puente_aranda,Puente Aranda,Ciudad Montes,San Eusebio,2,1
puente_aranda,Puente Aranda,Ciudad Montes,Santa Matilde,2,1
puente_aranda,Puente Aranda,Ciudad Montes,Tibana,2,1
puente_aranda,Puente Aranda,Ciudad Montes,Torremolinos,2,1
puente_aranda,Puente Aranda,Ciudad Montes,Villa Inés,2,1
puente_aranda,Puente Aranda,Muzú,Alcalá,2,2
puente_aranda,Puente Aranda,Muzú,Alquería,2,1
puente_aranda,Puente Aranda,Muzú,Autopista Muzú,2,1
puente_aranda,Puente Aranda,Muzú,La Coruña,2,1
puente_aranda,Puente Aranda,Muzú,Los Sauces,2,3
puente_aranda,Puente Aranda,Muzú,Muzú,2,1
puente_aranda,Puente Aranda,Muzú,Ospina Perez,2,1
puente_aranda,Puente Aranda,Muzú,Santa Rita,6,2
puente_aranda,Puente Aranda,Muzú,Tejar,2,1
puente_aranda,Puente Aranda,Muzú,Villa Del Rosario,2,1
puente_aranda,Puente Aranda,Muzú,Villa Sonia,2,1
puente_aranda,Puente Aranda,San Rafael,Barcelona,2,2
puente_aranda,Puente Aranda,San Rafael,Brisas Del Galán,2,1
puente_aranda,Puente Aranda,San Rafael,Brasilia,7,1
puente_aranda,Puente Aranda,San Rafael,Camelia Sur,2,1
puente_aranda,Puente Aranda,San Rafael,Colón,3,1
puente_aranda,Puente Aranda,San Rafael,Galán,3,1
puente_aranda,Puente Aranda,San Rafael,La Pradera,2,2
puente_aranda,Puente Aranda,San Rafael,La Trinidad,2,1
puente_aranda,Puente Aranda,San Rafael,Milenta,2,2
puente_aranda,Puente Aranda,San Rafael,San Francisco,2,3
puente_aranda,Puente Aranda,San Rafael,San Gabriel,2,2
puente_aranda,Puente Aranda,San Rafael,San Rafael,3,1
puente_aranda,Puente Aranda,San Rafael,San Rafael Industrial,2,1
puente_aranda,Puente Aranda,Zona Industrial,Cundinamarca,2,1
puente_aranda,Puente Aranda,Zona Industrial,El Ejido,2,1
puente_aranda,Puente Aranda,Zona Industrial,Gorgonzola,2,1
puente_aranda,Puente Aranda,Zona Industrial,Industrial Centenario,2,1
puente_aranda,Puente Aranda,Zona Industrial,La Florida Occidental,2,1
puente_aranda,Puente Aranda,Zona Industrial,Los Ejidos,2,1
puente_aranda,Puente Aranda,Zona Industrial,Pensilvania,2,1
puente_aranda,Puente Aranda,Puente Aranda,Batallón Caldas,2,1
puente_aranda,Puente Aranda,Puente Aranda,Centro Industrial,2,1
puente_aranda,Puente Aranda,Puente Aranda,Ortezal,4,1
puente_aranda,Puente Aranda,Puente Aranda,Puente Aranda,2,1
puente_aranda,Puente Aranda,Puente Aranda,Salazar Gómez,2,1
la_candelaria,La Candelaria,La Candelaria,Nueva Santa Fe De Bogotá,6,1
la_candelaria,La Candelaria,La Candelaria,Belén,6,1
la_candelaria,La Candelaria,La Candelaria,La Candelaria,6,1
la_candelaria,La Candelaria,La Candelaria,Centro Administrativo,6,1
la_candelaria,La Candelaria,La Candelaria,La Catedral,6,1
la_candelaria,La Candelaria,La Candelaria,La Concordia,6,2
la_candelaria,La Candelaria,La Candelaria,Las Aguas,6,1
la_candelaria,La Candelaria,La Candelaria,Santa Bárbara,6,3
rafael_uribe_uribe,Rafael Uribe Uribe,San José,Gustavo Restrepo,6,1
rafael_uribe_uribe,Rafael Uribe Uribe,San José,Hospital San Carlos,1,1
rafael_uribe_uribe,Rafael Uribe Uribe,San José,San José Sur,1,1
rafael_uribe_uribe,Rafael Uribe Uribe,San José,San Luis,1,5
rafael_uribe_uribe,Rafael Uribe Uribe,San José,Sosiego Sur,1,1
rafael_uribe_uribe,Rafael Uribe Uribe,Quiroga,Bravo Páez,1,1
rafael_uribe_uribe,Rafael Uribe Uribe,Quiroga,Centenario,6,2
rafael_uribe_uribe,Rafael Uribe Uribe,Quiroga,Claret,1,1
rafael_uribe_uribe,Rafael Uribe Uribe,Quiroga,Inglés,1,1
rafael_uribe_uribe,Rafael Uribe Uribe,Quiroga,Libertador,1,1
rafael_uribe_uribe,Rafael Uribe Uribe,Quiroga,Murillo Toro,1,1
rafael_uribe_uribe,Rafael Uribe Uribe,Quiroga,Olaya,1,1
rafael_uribe_uribe,Rafael Uribe Uribe,Quiroga,Quiroga,6,1
rafael_uribe_uribe,Rafael Uribe Uribe,Quiroga,Quiroga Central,6,1
rafael_uribe_uribe,Rafael Uribe Uribe,Quiroga,Quiroga Sur,1,1
rafael_uribe_uribe,Rafael Uribe Uribe,Quiroga,Santa Lucia,1,2
rafael_uribe_uribe,Rafael Uribe Uribe,Quiroga,Santiago Perez,6,1
rafael_uribe_uribe,Rafael Uribe Uribe,Quiroga,Villa Mayor,6,1
rafael_uribe_uribe,Rafael Uribe Uribe,Marco Fidel Suárez,Carmen Del Sol,1,1
rafael_uribe_uribe,Rafael Uribe Uribe,Marco Fidel Suárez,El Triunfo,1,5
rafael_uribe_uribe,Rafael Uribe Uribe,Marco Fidel Suárez,Granjas San Pablo,1,1
rafael_uribe_uribe,Rafael Uribe Uribe,Marco Fidel Suárez,Granjas Santa Sofía,1,1
rafael_uribe_uribe,Rafael Uribe Uribe,Marco Fidel Suárez,La Resurrección,1,1
rafael_uribe_uribe,Rafael Uribe Uribe,Marco Fidel Suárez,Las Colinas,1,1
rafael_uribe_uribe,Rafael Uribe Uribe,Marco Fidel Suárez,Las Lomas,1,2
rafael_uribe_uribe,Rafael Uribe Uribe,Marco Fidel Suárez,Luis López De Mesa,1,1
rafael_uribe_uribe,Rafael Uribe Uribe,Marco Fidel Suárez,Marco Fidel Suárez,1,1
rafael_uribe_uribe,Rafael Uribe Uribe,Marco Fidel Suárez,San Jorge Sur,1,1
rafael_uribe_uribe,Rafael Uribe Uribe,Marco Fidel Suárez,San Juanito,1,2
rafael_uribe_uribe,Rafael Uribe Uribe,Marco Fidel Suárez,San Justino,1,1
rafael_uribe_uribe,Rafael Uribe Uribe,Marco Fidel Suárez,Terrazas De San Jorge,1,1
rafael_uribe_uribe,Rafael Uribe Uribe,Marruecos,Arboleda Sur,1,1
rafael_uribe_uribe,Rafael Uribe Uribe,Marruecos,Callejon Santa Barbara,1,1
rafael_uribe_uribe,Rafael Uribe Uribe,Marruecos,Cerros De Oriente,1,1
rafael_uribe_uribe,Rafael Uribe Uribe,Marruecos,Danubio Del Sur,1,1
rafael_uribe_uribe,Rafael Uribe Uribe,Marruecos,El Consuelo,1,3
rafael_uribe_uribe,Rafael Uribe Uribe,Marruecos,El Mirador Sur,1,1
rafael_uribe_uribe,Rafael Uribe Uribe,Marruecos,El Pensil,1,1
rafael_uribe_uribe,Rafael Uribe Uribe,Marruecos,El Playon,1,1
rafael_uribe_uribe,Rafael Uribe Uribe,Marruecos,El Rosal,1,2
rafael_uribe_uribe,Rafael Uribe Uribe,Marruecos,El Socorro,1,1
rafael_uribe_uribe,Rafael Uribe Uribe,Marruecos,Govaroba,1,1
rafael_uribe_uribe,Rafael Uribe Uribe,Marruecos,La Esperanza,1,8
rafael_uribe_uribe,Rafael Uribe Uribe,Marruecos,La Merced Sur,1,1
rafael_uribe_uribe,Rafael Uribe Uribe,Marruecos,La Picota,1,1
rafael_uribe_uribe,Rafael Uribe Uribe,Marruecos,La Playa,1,3
rafael_uribe_uribe,Rafael Uribe Uribe,Marruecos,La Providencia Media,1,1
rafael_uribe_uribe,Rafael Uribe Uribe,Marruecos,Los Chircales,1,1
rafael_uribe_uribe,Rafael Uribe Uribe,Marruecos,Los Molinos,1,1
rafael_uribe_uribe,Rafael Uribe Uribe,Marruecos,Marruecos,1,1
rafael_uribe_uribe,Rafael Uribe Uribe,Marruecos,Mirador De Marruecos,1,1
rafael_uribe_uribe,Rafael Uribe Uribe,Marruecos,Molinos Del Sur,1,1
rafael_uribe_uribe,Rafael Uribe Uribe,Marruecos,Pradera Sur,1,1
rafael_uribe_uribe,Rafael Uribe Uribe,Marruecos,Príncipe De Bochica,1,1
rafael_uribe_uribe,Rafael Uribe Uribe,Marruecos,Puerto Rico,1,1
rafael_uribe_uribe,Rafael Uribe Uribe,Marruecos,Villa Del Sol,1,1
rafael_uribe_uribe,Rafael Uribe Uribe,Marruecos,Villa Gladys,1,2
rafael_uribe_uribe,Rafael Uribe Uribe,Marruecos,Villa Morales,1,1
rafael_uribe_uribe,Rafael Uribe Uribe,Diana Turbay,Antonio Morales Ii,1,1
rafael_uribe_uribe,Rafael Uribe Uribe,Diana Turbay,Diana Turbay,1,1
rafael_uribe_uribe,Rafael Uribe Uribe,Diana Turbay,Diana Turbay Arrayanes,1,1
rafael_uribe_uribe,Rafael Uribe Uribe,Diana Turbay,El Portal,1,2
rafael_uribe_uribe,Rafael Uribe Uribe,Diana Turbay,La Esperanza Alta,1,1
rafael_uribe_uribe,Rafael Uribe Uribe,Diana Turbay,La Marqueza,1,1
rafael_uribe_uribe,Rafael Uribe Uribe,Diana Turbay,La Paz,1,3
rafael_uribe_uribe,Rafael Uribe Uribe,Diana Turbay,La Picota Oriental,1,1
rafael_uribe_uribe,Rafael Uribe Uribe,Diana Turbay,La Reconquista,1,1
rafael_uribe_uribe,Rafael Uribe Uribe,Diana Turbay,Los Arrayanes Ii,1,1
rafael_uribe_uribe,Rafael Uribe Uribe,Diana Turbay,Los Puentes,1,2
rafael_uribe_uribe,Rafael Uribe Uribe,Diana Turbay,Palermo Sur,1,1
rafael_uribe_uribe,Rafael Uribe Uribe,Diana Turbay,San Agustín,1,1
ciudad_bolivar,Ciudad Bolívar,El Mochuelo,Central De Mezclas,8,1
ciudad_bolivar,Ciudad Bolívar,El Mochuelo,Las Manas,8,1
ciudad_bolivar,Ciudad Bolívar,El Mochuelo,Mochuelo Oriental,8,1
ciudad_bolivar,Ciudad Bolívar,Monteblanco,Barranquitos,8,1
ciudad_bolivar,Ciudad Bolívar,Monteblanco,Esmeralda,8,1
ciudad_bolivar,Ciudad Bolívar,Monteblanco,Lagunitas,8,1
ciudad_bolivar,Ciudad Bolívar,Monteblanco,Paticos,8,1
ciudad_bolivar,Ciudad Bolívar,Arborizadora,Urb. Guaitiquia,8,1
ciudad_bolivar,Ciudad Bolívar,Arborizadora,Arborizadora Baja,2,1
ciudad_bolivar,Ciudad Bolívar,Arborizadora,Atlanta,8,1
ciudad_bolivar,Ciudad Bolívar,Arborizadora,Coruña,8,1
ciudad_bolivar,Ciudad Bolívar,Arborizadora,El Chircal Sur,1,1
ciudad_bolivar,Ciudad Bolívar,Arborizadora,El Ensueno,2,1
ciudad_bolivar,Ciudad Bolívar,Arborizadora,La Playa,8,3
ciudad_bolivar,Ciudad Bolívar,Arborizadora,Madelena,2,1
ciudad_bolivar,Ciudad Bolívar,Arborizadora,Santa Helena,8,2
ciudad_bolivar,Ciudad Bolívar,Arborizadora,Santa Rosa Sur,8,1
ciudad_bolivar,Ciudad Bolívar,Arborizadora,Urb. Atlanta,8,1
ciudad_bolivar,Ciudad Bolívar,Arborizadora,Villa Helena,8,1
ciudad_bolivar,Ciudad Bolívar,San Francisco,Acacia Iii Parte Baja,8,1
ciudad_bolivar,Ciudad Bolívar,San Francisco,Candelaria La Nueva,8,1
ciudad_bolivar,Ciudad Bolívar,San Francisco,Colmena,8,1
ciudad_bolivar,Ciudad Bolívar,San Francisco,Gibraltar I Y Ii,8,1
ciudad_bolivar,Ciudad Bolívar,San Francisco,Juan José Rondón,8,2
ciudad_bolivar,Ciudad Bolívar,San Francisco,Las Acacias,8,4
ciudad_bolivar,Ciudad Bolívar,San Francisco,San Francisco,2,3
ciudad_bolivar,Ciudad Bolívar,San Francisco,San Luis,8,5
ciudad_bolivar,Ciudad Bolívar,San Francisco,Santa Inés La Acacia,8,1
ciudad_bolivar,Ciudad Bolívar,San Francisco,Villas De Bolívar,8,1
ciudad_bolivar,Ciudad Bolívar,Lucero,Acacia Iv,8,1
ciudad_bolivar,Ciudad Bolívar,Lucero,Alfa,8,1
ciudad_bolivar,Ciudad Bolívar,Lucero,Altos De Jalisco,8,1
ciudad_bolivar,Ciudad Bolívar,Lucero,Bella Flor,8,1
ciudad_bolivar,Ciudad Bolívar,Lucero,Bella Flor Sur,8,1
ciudad_bolivar,Ciudad Bolívar,Lucero,Bellavista Lucero Alto,8,1
ciudad_bolivar,Ciudad Bolívar,Lucero,Brisas Del Volador,8,1
ciudad_bolivar,Ciudad Bolívar,Lucero,Buenavista Sector A,8,1
ciudad_bolivar,Ciudad Bolívar,Lucero,Ciudad Milagros,8,1
ciudad_bolivar,Ciudad Bolívar,Lucero,Compartir,8,2
ciudad_bolivar,Ciudad Bolívar,Lucero,Cordillera Sur,8,1
ciudad_bolivar,Ciudad Bolívar,Lucero,Domingo Laín I,8,1
ciudad_bolivar,Ciudad Bolívar,Lucero,Domingo Laín Ii,8,1
ciudad_bolivar,Ciudad Bolívar,Lucero,Domingo Laín Iii,8,1
ciudad_bolivar,Ciudad Bolívar,Lucero,El Bosque,8,2
ciudad_bolivar,Ciudad Bolívar,Lucero,El Castillo,8,3
ciudad_bolivar,Ciudad Bolívar,Lucero,El Mirador,8,3
ciudad_bolivar,Ciudad Bolívar,Lucero,El Paraíso,8,6
ciudad_bolivar,Ciudad Bolívar,Lucero,El Satélite,8,1
ciudad_bolivar,Ciudad Bolívar,Lucero,El Triunfo Sur,8,1
ciudad_bolivar,Ciudad Bolívar,Lucero,Estrella Del Sur,8,1
ciudad_bolivar,Ciudad Bolívar,Lucero,Florida Del Sur,8,1
ciudad_bolivar,Ciudad Bolívar,Lucero,Gibraltar Sur,8,1
ciudad_bolivar,Ciudad Bolívar,Lucero,Juan Pablo Ii,8,1
ciudad_bolivar,Ciudad Bolívar,Lucero,La Alameda,8,3
ciudad_bolivar,Ciudad Bolívar,Lucero,La Cabaña,8,5
ciudad_bolivar,Ciudad Bolívar,Lucero,La Esmeralda Sur,8,1
ciudad_bolivar,Ciudad Bolívar,Lucero,La Estrella Sector Lagos,8,1
ciudad_bolivar,Ciudad Bolívar,Lucero,La Torre,8,1
ciudad_bolivar,Ciudad Bolívar,Lucero,Las Delicias Del Sur,8,1
ciudad_bolivar,Ciudad Bolívar,Lucero,Las Manitas,8,1
ciudad_bolivar,Ciudad Bolívar,Lucero,Los Alpes,8,2
ciudad_bolivar,Ciudad Bolívar,Lucero,Lucero Alto,8,1
ciudad_bolivar,Ciudad Bolívar,Lucero,Lucero Bajo,8,1
ciudad_bolivar,Ciudad Bolívar,Lucero,Lucero Medio,8,1
ciudad_bolivar,Ciudad Bolívar,Lucero,Lucero Sur Bajo,8,1
ciudad_bolivar,Ciudad Bolívar,Lucero,Marandú,8,1
ciudad_bolivar,Ciudad Bolívar,Lucero,Meissen,8,1
ciudad_bolivar,Ciudad Bolívar,Lucero,México,8,1
ciudad_bolivar,Ciudad Bolívar,Lucero,Mirador Nutibara,8,1
ciudad_bolivar,Ciudad Bolívar,Lucero,Naciones Unidas,8,1
ciudad_bolivar,Ciudad Bolívar,Lucero,Nueva Colombia,8,1
ciudad_bolivar,Ciudad Bolívar,Lucero,Rocío Altos Del Sur,8,1
ciudad_bolivar,Ciudad Bolívar,Lucero,Tierra Linda,8,2
ciudad_bolivar,Ciudad Bolívar,Lucero,Urb. Compartir,8,1
ciudad_bolivar,Ciudad Bolívar,Lucero,Urb. Kalamary,8,1
ciudad_bolivar,Ciudad Bolívar,Lucero,Villa Gloria,8,2
ciudad_bolivar,Ciudad Bolívar,Lucero,Villas Del Diamante,8,1
ciudad_bolivar,Ciudad Bolívar,Lucero,Villas Del Progreso,8,1
ciudad_bolivar,Ciudad Bolívar,Lucero,Vista Hermosa,8,1
ciudad_bolivar,Ciudad Bolívar,El Tesoro,Acapulco I,8,1
ciudad_bolivar,Ciudad Bolívar,El Tesoro,Arabia,8,2
ciudad_bolivar,Ciudad Bolívar,El Tesoro,Buenos Aires,8,3
ciudad_bolivar,Ciudad Bolívar,El Tesoro,Casa De Teja,8,1
ciudad_bolivar,Ciudad Bolívar,El Tesoro,Cedritos Del Sur,8,1
ciudad_bolivar,Ciudad Bolívar,El Tesoro,Divino Niño,8,1
ciudad_bolivar,Ciudad Bolívar,El Tesoro,El Consuelo,8,3
ciudad_bolivar,Ciudad Bolívar,El Tesoro,El Mochuelo,8,1
ciudad_bolivar,Ciudad Bolívar,El Tesoro,El Tesoro,8,1
ciudad_bolivar,Ciudad Bolívar,El Tesoro,El Trigal,8,1
ciudad_bolivar,Ciudad Bolívar,El Tesoro,Florida Sur Alto,8,1
ciudad_bolivar,Ciudad Bolívar,El Tesoro,Inés Elvira,8,1
ciudad_bolivar,Ciudad Bolívar,El Tesoro,La Cumbre,8,1
ciudad_bolivar,Ciudad Bolívar,El Tesoro,Los Duques,8,1
ciudad_bolivar,Ciudad Bolívar,El Tesoro,Minuto De María,8,1
ciudad_bolivar,Ciudad Bolívar,El Tesoro,Monterrey,8,2
ciudad_bolivar,Ciudad Bolívar,El Tesoro,Ocho De Diciembre,8,1
ciudad_bolivar,Ciudad Bolívar,El Tesoro,Potreritos,8,2
ciudad_bolivar,Ciudad Bolívar,El Tesoro,Quiba,8,1
ciudad_bolivar,Ciudad Bolívar,El Tesoro,República De Venezuela,8,2
ciudad_bolivar,Ciudad Bolívar,El Tesoro,República Del Canadá,8,2
ciudad_bolivar,Ciudad Bolívar,El Tesoro,Rincón Del Diamante,8,1
ciudad_bolivar,Ciudad Bolívar,El Tesoro,San Rafael Sur,8,1
ciudad_bolivar,Ciudad Bolívar,El Tesoro,Sotavento,8,1
ciudad_bolivar,Ciudad Bolívar,El Tesoro,Urbanización Buena Vista,8,1
ciudad_bolivar,Ciudad Bolívar,Ismael Perdomo,Barlovento,8,1
ciudad_bolivar,Ciudad Bolívar,Ismael Perdomo,Bonanza Sur,8,1
ciudad_bolivar,Ciudad Bolívar,Ismael Perdomo,Caracolí,8,1
ciudad_bolivar,Ciudad Bolívar,Ismael Perdomo,Casaloma,8,2
ciudad_bolivar,Ciudad Bolívar,Ismael Perdomo,Casagrande,8,1
ciudad_bolivar,Ciudad Bolívar,Ismael Perdomo,Conjunto Residencial La Valvanera,8,1
ciudad_bolivar,Ciudad Bolívar,Ismael Perdomo,Cooperativo Ismael Perdomo,8,1
ciudad_bolivar,Ciudad Bolívar,Ismael Perdomo,El Cerro Del Diamante,8,1
ciudad_bolivar,Ciudad Bolívar,Ismael Perdomo,El Ensueño,8,1
ciudad_bolivar,Ciudad Bolívar,Ismael Perdomo,El Peñon Del Cortijo,8,1
ciudad_bolivar,Ciudad Bolívar,Ismael Perdomo,El Porvenir De La Estancia,8,1
ciudad_bolivar,Ciudad Bolívar,Ismael Perdomo,El Rosal,8,2
ciudad_bolivar,Ciudad Bolívar,Ismael Perdomo,Espinos I,8,1
ciudad_bolivar,Ciudad Bolívar,Ismael Perdomo,Galicia,8,1
ciudad_bolivar,Ciudad Bolívar,Ismael Perdomo,Ismael Perdomo,8,1
ciudad_bolivar,Ciudad Bolívar,Ismael Perdomo,La Carbonera,8,1
ciudad_bolivar,Ciudad Bolívar,Ismael Perdomo,La Estancia,8,1
ciudad_bolivar,Ciudad Bolívar,Ismael Perdomo,La Primavera,8,2
ciudad_bolivar,Ciudad Bolívar,Ismael Perdomo,La Unión - Divino Niño,8,1
ciudad_bolivar,Ciudad Bolívar,Ismael Perdomo,Los Tres Reyes I Etapa,8,1
ciudad_bolivar,Ciudad Bolívar,Ismael Perdomo,Maria Cano,8,1
ciudad_bolivar,Ciudad Bolívar,Ismael Perdomo,Mirador De La Estancia,8,1
ciudad_bolivar,Ciudad Bolívar,Ismael Perdomo,Perdomo Alto,8,1
ciudad_bolivar,Ciudad Bolívar,Ismael Perdomo,Rincón De Galicia,8,1
ciudad_bolivar,Ciudad Bolívar,Ismael Perdomo,Rincón De La Estancia,8,1
ciudad_bolivar,Ciudad Bolívar,Ismael Perdomo,Rincon De La Valvanera,8,1
ciudad_bolivar,Ciudad Bolívar,Ismael Perdomo,San Antonio Del Mirador,8,1
ciudad_bolivar,Ciudad Bolívar,Ismael Perdomo,San Isidro,8,3
ciudad_bolivar,Ciudad Bolívar,Ismael Perdomo,San Rafael Del Alto De La Estancia,8,1
ciudad_bolivar,Ciudad Bolívar,Ismael Perdomo,Santa Viviana,8,1
ciudad_bolivar,Ciudad Bolívar,Ismael Perdomo,Sierra Morena,8,2
ciudad_bolivar,Ciudad Bolívar,Ismael Perdomo,Tres Reyes Ii Sector,8,1
ciudad_bolivar,Ciudad Bolívar,Ismael Perdomo,Urb. Balmoral Rincón De La Valvanera,8,1
ciudad_bolivar,Ciudad Bolívar,Ismael Perdomo,Urbanización Balmoral Ii,8,1
ciudad_bolivar,Ciudad Bolívar,Ismael Perdomo,Urbanización Barlovento,8,1
ciudad_bolivar,Ciudad Bolívar,Ismael Perdomo,Urbanización Calabria,8,1
ciudad_bolivar,Ciudad Bolívar,Ismael Perdomo,Urbanización Galicia,8,1
ciudad_bolivar,Ciudad Bolívar,Ismael Perdomo,Urbanización India Catalina,8,1
ciudad_bolivar,Ciudad Bolívar,Ismael Perdomo,Urbanización La Estancia,8,1
ciudad_bolivar,Ciudad Bolívar,Ismael Perdomo,Urbanización La Llanada,8,1
ciudad_bolivar,Ciudad Bolívar,Ismael Perdomo,Urbanización La Riviera Del Sur,8,1
ciudad_bolivar,Ciudad Bolívar,Ismael Perdomo,Urbanización Peñon Del Cortijo,8,1
ciudad_bolivar,Ciudad Bolívar,Jerusalén,Arborizadora Alta,8,1
ciudad_bolivar,Ciudad Bolívar,Jerusalén,Bellavista,8,4
ciudad_bolivar,Ciudad Bolívar,Jerusalén,Empresa Comunitaria Manuela Beltrán,8,1
ciudad_bolivar,Ciudad Bolívar,Jerusalén,Jerusalén,2,1
ciudad_bolivar,Ciudad Bolívar,Jerusalén,Jerusalén Sector Bellavista,8,1
ciudad_bolivar,Ciudad Bolívar,Jerusalén,Jerusalén Sector El Plan,8,1
ciudad_bolivar,Ciudad Bolívar,Jerusalén,Jerusalén Sector La Isla,8,1
ciudad_bolivar,Ciudad Bolívar,Jerusalén,Jerusalén Sector Las Brisas,8,1
ciudad_bolivar,Ciudad Bolívar,Jerusalén,Jerusalén Sector Media Loma,8,1
ciudad_bolivar,Ciudad Bolívar,Jerusalén,Jerusalén Sector Nueva Argentina,8,1
ciudad_bolivar,Ciudad Bolívar,Jerusalén,Jerusalén Sector Paraíso,8,1
ciudad_bolivar,Ciudad Bolívar,Jerusalén,Jerusalén Sector Plan Canteras,8,1
ciudad_bolivar,Ciudad Bolívar,Jerusalén,Jerusalén Sector Potosí,8,1
ciudad_bolivar,Ciudad Bolívar,Jerusalén,Jerusalén Sector Pradera,8,1
ciudad_bolivar,Ciudad Bolívar,Jerusalén,La Pradera,8,2
ciudad_bolivar,Ciudad Bolívar,Jerusalén,Las Brisas,8,5
ciudad_bolivar,Ciudad Bolívar,Jerusalén,Las Vegas De Potosí,8,1
ciudad_bolivar,Ciudad Bolívar,Jerusalén,Potosí,8,2
ciudad_bolivar,Ciudad Bolívar,Jerusalén,Urbanización La Milagrosa,8,1
ciudad_bolivar,Ciudad Bolívar,Jerusalén,Verona,8,1
ciudad_bolivar,Ciudad Bolívar,Jerusalén,Villa Candelaria,8,1
sumapaz,Sumapaz,Sumapaz,Betania,1,4
sumapaz,Sumapaz,Sumapaz,Capitolio,1,1
sumapaz,Sumapaz,Sumapaz,Concepción,1,1
sumapaz,Sumapaz,Sumapaz,Corona,1,1
sumapaz,Sumapaz,Sumapaz,Frailejonal,1,1
sumapaz,Sumapaz,Sumapaz,Las Ánimas,1,1
sumapaz,Sumapaz,Sumapaz,Los Ríos,1,1
sumapaz,Sumapaz,Sumapaz,Nazareth,1,1
sumapaz,Sumapaz,Sumapaz,Nueva Granada,1,3
sumapaz,Sumapaz,Sumapaz,Peñaliza,1,1
sumapaz,Sumapaz,Sumapaz,San Juan,1,1
sumapaz,Sumapaz,Sumapaz,Taquecitos,1,1
sumapaz,Sumapaz,Sumapaz,Tolda Fría,1,1
sumapaz,Sumapaz,Sumapaz,Tunal Alto,1,1
sumapaz,Sumapaz,Sumapaz,Tunal Bajo,1,1
